Series Name,Series Code,Country Name,Country Code,2015 [YR2015]
"Adult literacy rate, population 15+ years, both sexes (%)",SE.ADT.LITR.ZS,Afghanistan,AFG,38.168041229248
"Adult literacy rate, population 15+ years, both sexes (%)",SE.ADT.LITR.ZS,Albania,ALB,97.5539016723633
"Adult literacy rate, population 15+ years, both sexes (%)",SE.ADT.LITR.ZS,Algeria,DZA,79.6083984375
"Adult literacy rate, population 15+ years, both sexes (%)",SE.ADT.LITR.ZS,American Samoa,ASM,..
"Adult literacy rate, population 15+ years, both sexes (%)",SE.ADT.LITR.ZS,Andorra,ADO,..
"Adult literacy rate, population 15+ years, both sexes (%)",SE.ADT.LITR.ZS,Angola,AGO,71.1641616821289
"Adult literacy rate, population 15+ years, both sexes (%)",SE.ADT.LITR.ZS,Antigua and Barbuda,ATG,..
"Adult literacy rate, population 15+ years, both sexes (%)",SE.ADT.LITR.ZS,Argentina,ARG,98.089973449707
"Adult literacy rate, population 15+ years, both sexes (%)",SE.ADT.LITR.ZS,Armenia,ARM,99.7684173583984
"Adult literacy rate, population 15+ years, both sexes (%)",SE.ADT.LITR.ZS,Aruba,ABW,97.5242004394531
"Adult literacy rate, population 15+ years, both sexes (%)",SE.ADT.LITR.ZS,Australia,AUS,..
"Adult literacy rate, population 15+ years, both sexes (%)",SE.ADT.LITR.ZS,Austria,AUT,..
"Adult literacy rate, population 15+ years, both sexes (%)",SE.ADT.LITR.ZS,Azerbaijan,AZE,99.8052597045898
"Adult literacy rate, population 15+ years, both sexes (%)",SE.ADT.LITR.ZS,"Bahamas, The",BHS,..
"Adult literacy rate, population 15+ years, both sexes (%)",SE.ADT.LITR.ZS,Bahrain,BHR,95.7172622680664
"Adult literacy rate, population 15+ years, both sexes (%)",SE.ADT.LITR.ZS,Bangladesh,BGD,61.4938316345215
"Adult literacy rate, population 15+ years, both sexes (%)",SE.ADT.LITR.ZS,Barbados,BRB,..
"Adult literacy rate, population 15+ years, both sexes (%)",SE.ADT.LITR.ZS,Belarus,BLR,99.722038269043
"Adult literacy rate, population 15+ years, both sexes (%)",SE.ADT.LITR.ZS,Belgium,BEL,..
"Adult literacy rate, population 15+ years, both sexes (%)",SE.ADT.LITR.ZS,Belize,BLZ,82.7768173217773
"Adult literacy rate, population 15+ years, both sexes (%)",SE.ADT.LITR.ZS,Benin,BEN,38.4471397399902
"Adult literacy rate, population 15+ years, both sexes (%)",SE.ADT.LITR.ZS,Bermuda,BMU,..
"Adult literacy rate, population 15+ years, both sexes (%)",SE.ADT.LITR.ZS,Bhutan,BTN,63.9068183898926
"Adult literacy rate, population 15+ years, both sexes (%)",SE.ADT.LITR.ZS,Bolivia,BOL,95.1419219970703
"Adult literacy rate, population 15+ years, both sexes (%)",SE.ADT.LITR.ZS,Bosnia and Herzegovina,BIH,98.4857635498047
"Adult literacy rate, population 15+ years, both sexes (%)",SE.ADT.LITR.ZS,Botswana,BWA,88.2244110107422
"Adult literacy rate, population 15+ years, both sexes (%)",SE.ADT.LITR.ZS,Brazil,BRA,92.5868072509766
"Adult literacy rate, population 15+ years, both sexes (%)",SE.ADT.LITR.ZS,British Virgin Islands,VGB,..
"Adult literacy rate, population 15+ years, both sexes (%)",SE.ADT.LITR.ZS,Brunei Darussalam,BRN,96.6565322875977
"Adult literacy rate, population 15+ years, both sexes (%)",SE.ADT.LITR.ZS,Bulgaria,BGR,98.3885803222656
"Adult literacy rate, population 15+ years, both sexes (%)",SE.ADT.LITR.ZS,Burkina Faso,BFA,37.7467002868652
"Adult literacy rate, population 15+ years, both sexes (%)",SE.ADT.LITR.ZS,Burundi,BDI,85.49609375
"Adult literacy rate, population 15+ years, both sexes (%)",SE.ADT.LITR.ZS,Cabo Verde,CPV,88.4654235839844
"Adult literacy rate, population 15+ years, both sexes (%)",SE.ADT.LITR.ZS,Cambodia,KHM,78.3459396362305
"Adult literacy rate, population 15+ years, both sexes (%)",SE.ADT.LITR.ZS,Cameroon,CMR,74.9855804443359
"Adult literacy rate, population 15+ years, both sexes (%)",SE.ADT.LITR.ZS,Canada,CAN,..
"Adult literacy rate, population 15+ years, both sexes (%)",SE.ADT.LITR.ZS,Cayman Islands,CYM,..
"Adult literacy rate, population 15+ years, both sexes (%)",SE.ADT.LITR.ZS,Central African Republic,CAF,36.7526092529297
"Adult literacy rate, population 15+ years, both sexes (%)",SE.ADT.LITR.ZS,Chad,TCD,40.0182418823242
"Adult literacy rate, population 15+ years, both sexes (%)",SE.ADT.LITR.ZS,Channel Islands,CHI,..
"Adult literacy rate, population 15+ years, both sexes (%)",SE.ADT.LITR.ZS,Chile,CHL,96.6275482177734
"Adult literacy rate, population 15+ years, both sexes (%)",SE.ADT.LITR.ZS,China,CHN,96.3574523925781
"Adult literacy rate, population 15+ years, both sexes (%)",SE.ADT.LITR.ZS,Colombia,COL,94.5770568847656
"Adult literacy rate, population 15+ years, both sexes (%)",SE.ADT.LITR.ZS,Comoros,COM,78.1373901367188
"Adult literacy rate, population 15+ years, both sexes (%)",SE.ADT.LITR.ZS,"Congo, Dem. Rep.",ZAR,77.2216720581055
"Adult literacy rate, population 15+ years, both sexes (%)",SE.ADT.LITR.ZS,"Congo, Rep.",COG,79.3111724853516
"Adult literacy rate, population 15+ years, both sexes (%)",SE.ADT.LITR.ZS,Costa Rica,CRI,97.6472473144531
"Adult literacy rate, population 15+ years, both sexes (%)",SE.ADT.LITR.ZS,Cote d'Ivoire,CIV,43.2653198242188
"Adult literacy rate, population 15+ years, both sexes (%)",SE.ADT.LITR.ZS,Croatia,HRV,99.272590637207
"Adult literacy rate, population 15+ years, both sexes (%)",SE.ADT.LITR.ZS,Cuba,CUB,99.7107162475586
"Adult literacy rate, population 15+ years, both sexes (%)",SE.ADT.LITR.ZS,Curacao,CUW,..
"Adult literacy rate, population 15+ years, both sexes (%)",SE.ADT.LITR.ZS,Cyprus,CYP,99.0597763061523
"Adult literacy rate, population 15+ years, both sexes (%)",SE.ADT.LITR.ZS,Czech Republic,CZE,..
"Adult literacy rate, population 15+ years, both sexes (%)",SE.ADT.LITR.ZS,Denmark,DNK,..
"Adult literacy rate, population 15+ years, both sexes (%)",SE.ADT.LITR.ZS,Djibouti,DJI,..
"Adult literacy rate, population 15+ years, both sexes (%)",SE.ADT.LITR.ZS,Dominica,DMA,..
"Adult literacy rate, population 15+ years, both sexes (%)",SE.ADT.LITR.ZS,Dominican Republic,DOM,92.4654235839844
"Adult literacy rate, population 15+ years, both sexes (%)",SE.ADT.LITR.ZS,Ecuador,ECU,94.5154724121094
"Adult literacy rate, population 15+ years, both sexes (%)",SE.ADT.LITR.ZS,"Egypt, Arab Rep.",EGY,75.8426208496094
"Adult literacy rate, population 15+ years, both sexes (%)",SE.ADT.LITR.ZS,El Salvador,SLV,87.6482162475586
"Adult literacy rate, population 15+ years, both sexes (%)",SE.ADT.LITR.ZS,Equatorial Guinea,GNQ,95.1956634521484
"Adult literacy rate, population 15+ years, both sexes (%)",SE.ADT.LITR.ZS,Eritrea,ERI,73.8452529907227
"Adult literacy rate, population 15+ years, both sexes (%)",SE.ADT.LITR.ZS,Estonia,EST,99.8235092163086
"Adult literacy rate, population 15+ years, both sexes (%)",SE.ADT.LITR.ZS,Ethiopia,ETH,49.0315208435059
"Adult literacy rate, population 15+ years, both sexes (%)",SE.ADT.LITR.ZS,Faroe Islands,FRO,..
"Adult literacy rate, population 15+ years, both sexes (%)",SE.ADT.LITR.ZS,Fiji,FJI,..
"Adult literacy rate, population 15+ years, both sexes (%)",SE.ADT.LITR.ZS,Finland,FIN,..
"Adult literacy rate, population 15+ years, both sexes (%)",SE.ADT.LITR.ZS,France,FRA,..
"Adult literacy rate, population 15+ years, both sexes (%)",SE.ADT.LITR.ZS,French Polynesia,PYF,..
"Adult literacy rate, population 15+ years, both sexes (%)",SE.ADT.LITR.ZS,Gabon,GAB,83.2378768920898
"Adult literacy rate, population 15+ years, both sexes (%)",SE.ADT.LITR.ZS,"Gambia, The",GMB,55.5727615356445
"Adult literacy rate, population 15+ years, both sexes (%)",SE.ADT.LITR.ZS,Georgia,GEO,99.7596206665039
"Adult literacy rate, population 15+ years, both sexes (%)",SE.ADT.LITR.ZS,Germany,DEU,..
"Adult literacy rate, population 15+ years, both sexes (%)",SE.ADT.LITR.ZS,Ghana,GHA,76.5758972167969
"Adult literacy rate, population 15+ years, both sexes (%)",SE.ADT.LITR.ZS,Gibraltar,GIB,..
"Adult literacy rate, population 15+ years, both sexes (%)",SE.ADT.LITR.ZS,Greece,GRC,95.2928695678711
"Adult literacy rate, population 15+ years, both sexes (%)",SE.ADT.LITR.ZS,Greenland,GRL,..
"Adult literacy rate, population 15+ years, both sexes (%)",SE.ADT.LITR.ZS,Grenada,GRD,..
"Adult literacy rate, population 15+ years, both sexes (%)",SE.ADT.LITR.ZS,Guam,GUM,99.7890396118164
"Adult literacy rate, population 15+ years, both sexes (%)",SE.ADT.LITR.ZS,Guatemala,GTM,79.0742111206055
"Adult literacy rate, population 15+ years, both sexes (%)",SE.ADT.LITR.ZS,Guinea,GIN,30.4727897644043
"Adult literacy rate, population 15+ years, both sexes (%)",SE.ADT.LITR.ZS,Guinea-Bissau,GNB,59.7728500366211
"Adult literacy rate, population 15+ years, both sexes (%)",SE.ADT.LITR.ZS,Guyana,GUY,87.5353164672852
"Adult literacy rate, population 15+ years, both sexes (%)",SE.ADT.LITR.ZS,Haiti,HTI,60.6893501281738
"Adult literacy rate, population 15+ years, both sexes (%)",SE.ADT.LITR.ZS,Honduras,HND,88.4245834350586
"Adult literacy rate, population 15+ years, both sexes (%)",SE.ADT.LITR.ZS,"Hong Kong SAR, China",HKG,..
"Adult literacy rate, population 15+ years, both sexes (%)",SE.ADT.LITR.ZS,Hungary,HUN,99.3808822631836
"Adult literacy rate, population 15+ years, both sexes (%)",SE.ADT.LITR.ZS,Iceland,ISL,..
"Adult literacy rate, population 15+ years, both sexes (%)",SE.ADT.LITR.ZS,India,IND,72.2253036499023
"Adult literacy rate, population 15+ years, both sexes (%)",SE.ADT.LITR.ZS,Indonesia,IDN,95.4376831054688
"Adult literacy rate, population 15+ years, both sexes (%)",SE.ADT.LITR.ZS,"Iran, Islamic Rep.",IRN,87.1725311279297
"Adult literacy rate, population 15+ years, both sexes (%)",SE.ADT.LITR.ZS,Iraq,IRQ,79.7217636108398
"Adult literacy rate, population 15+ years, both sexes (%)",SE.ADT.LITR.ZS,Ireland,IRL,..
"Adult literacy rate, population 15+ years, both sexes (%)",SE.ADT.LITR.ZS,Isle of Man,IMY,..
"Adult literacy rate, population 15+ years, both sexes (%)",SE.ADT.LITR.ZS,Israel,ISR,..
"Adult literacy rate, population 15+ years, both sexes (%)",SE.ADT.LITR.ZS,Italy,ITA,99.0157928466797
"Adult literacy rate, population 15+ years, both sexes (%)",SE.ADT.LITR.ZS,Jamaica,JAM,88.4999008178711
"Adult literacy rate, population 15+ years, both sexes (%)",SE.ADT.LITR.ZS,Japan,JPN,..
"Adult literacy rate, population 15+ years, both sexes (%)",SE.ADT.LITR.ZS,Jordan,JOR,98.0143508911133
"Adult literacy rate, population 15+ years, both sexes (%)",SE.ADT.LITR.ZS,Kazakhstan,KAZ,99.7878494262695
"Adult literacy rate, population 15+ years, both sexes (%)",SE.ADT.LITR.ZS,Kenya,KEN,78.0233993530273
"Adult literacy rate, population 15+ years, both sexes (%)",SE.ADT.LITR.ZS,Kiribati,KIR,..
"Adult literacy rate, population 15+ years, both sexes (%)",SE.ADT.LITR.ZS,"Korea, Dem. People’s Rep.",PRK,99.9992370605469
"Adult literacy rate, population 15+ years, both sexes (%)",SE.ADT.LITR.ZS,"Korea, Rep.",KOR,..
"Adult literacy rate, population 15+ years, both sexes (%)",SE.ADT.LITR.ZS,Kosovo,KSV,..
"Adult literacy rate, population 15+ years, both sexes (%)",SE.ADT.LITR.ZS,Kuwait,KWT,96.1177062988281
"Adult literacy rate, population 15+ years, both sexes (%)",SE.ADT.LITR.ZS,Kyrgyz Republic,KGZ,99.5013198852539
"Adult literacy rate, population 15+ years, both sexes (%)",SE.ADT.LITR.ZS,Lao PDR,LAO,79.8674621582031
"Adult literacy rate, population 15+ years, both sexes (%)",SE.ADT.LITR.ZS,Latvia,LVA,99.892692565918
"Adult literacy rate, population 15+ years, both sexes (%)",SE.ADT.LITR.ZS,Lebanon,LBN,94.0511016845703
"Adult literacy rate, population 15+ years, both sexes (%)",SE.ADT.LITR.ZS,Lesotho,LSO,79.3609313964844
"Adult literacy rate, population 15+ years, both sexes (%)",SE.ADT.LITR.ZS,Liberia,LBR,47.6001396179199
"Adult literacy rate, population 15+ years, both sexes (%)",SE.ADT.LITR.ZS,Libya,LBY,91.3888702392578
"Adult literacy rate, population 15+ years, both sexes (%)",SE.ADT.LITR.ZS,Liechtenstein,LIE,..
"Adult literacy rate, population 15+ years, both sexes (%)",SE.ADT.LITR.ZS,Lithuania,LTU,99.8232803344727
"Adult literacy rate, population 15+ years, both sexes (%)",SE.ADT.LITR.ZS,Luxembourg,LUX,..
"Adult literacy rate, population 15+ years, both sexes (%)",SE.ADT.LITR.ZS,"Macao SAR, China",MAC,96.2276000976563
"Adult literacy rate, population 15+ years, both sexes (%)",SE.ADT.LITR.ZS,"Macedonia, FYR",MKD,97.8437576293945
"Adult literacy rate, population 15+ years, both sexes (%)",SE.ADT.LITR.ZS,Madagascar,MDG,64.6563034057617
"Adult literacy rate, population 15+ years, both sexes (%)",SE.ADT.LITR.ZS,Malawi,MWI,65.9638290405273
"Adult literacy rate, population 15+ years, both sexes (%)",SE.ADT.LITR.ZS,Malaysia,MYS,94.6369934082031
"Adult literacy rate, population 15+ years, both sexes (%)",SE.ADT.LITR.ZS,Maldives,MDV,99.3210220336914
"Adult literacy rate, population 15+ years, both sexes (%)",SE.ADT.LITR.ZS,Mali,MLI,33.0688705444336
"Adult literacy rate, population 15+ years, both sexes (%)",SE.ADT.LITR.ZS,Malta,MLT,94.0666122436523
"Adult literacy rate, population 15+ years, both sexes (%)",SE.ADT.LITR.ZS,Marshall Islands,MHL,98.2650756835938
"Adult literacy rate, population 15+ years, both sexes (%)",SE.ADT.LITR.ZS,Mauritania,MRT,52.1235618591309
"Adult literacy rate, population 15+ years, both sexes (%)",SE.ADT.LITR.ZS,Mauritius,MUS,90.6160430908203
"Adult literacy rate, population 15+ years, both sexes (%)",SE.ADT.LITR.ZS,Mexico,MEX,94.5455932617188
"Adult literacy rate, population 15+ years, both sexes (%)",SE.ADT.LITR.ZS,"Micronesia, Fed. Sts.",FSM,..
"Adult literacy rate, population 15+ years, both sexes (%)",SE.ADT.LITR.ZS,Moldova,MDA,99.2443923950195
"Adult literacy rate, population 15+ years, both sexes (%)",SE.ADT.LITR.ZS,Monaco,MCO,..
"Adult literacy rate, population 15+ years, both sexes (%)",SE.ADT.LITR.ZS,Mongolia,MNG,98.3676376342773
"Adult literacy rate, population 15+ years, both sexes (%)",SE.ADT.LITR.ZS,Montenegro,MNE,98.7199478149414
"Adult literacy rate, population 15+ years, both sexes (%)",SE.ADT.LITR.ZS,Morocco,MAR,71.7105484008789
"Adult literacy rate, population 15+ years, both sexes (%)",SE.ADT.LITR.ZS,Mozambique,MOZ,58.8365516662598
"Adult literacy rate, population 15+ years, both sexes (%)",SE.ADT.LITR.ZS,Myanmar,MMR,93.0900497436523
"Adult literacy rate, population 15+ years, both sexes (%)",SE.ADT.LITR.ZS,Namibia,NAM,90.8205032348633
"Adult literacy rate, population 15+ years, both sexes (%)",SE.ADT.LITR.ZS,Nauru,NRU,..
"Adult literacy rate, population 15+ years, both sexes (%)",SE.ADT.LITR.ZS,Nepal,NPL,64.6636428833008
"Adult literacy rate, population 15+ years, both sexes (%)",SE.ADT.LITR.ZS,Netherlands,NLD,..
"Adult literacy rate, population 15+ years, both sexes (%)",SE.ADT.LITR.ZS,New Caledonia,NCL,96.9378204345703
"Adult literacy rate, population 15+ years, both sexes (%)",SE.ADT.LITR.ZS,New Zealand,NZL,..
"Adult literacy rate, population 15+ years, both sexes (%)",SE.ADT.LITR.ZS,Nicaragua,NIC,82.4718475341797
"Adult literacy rate, population 15+ years, both sexes (%)",SE.ADT.LITR.ZS,Niger,NER,19.1026000976563
"Adult literacy rate, population 15+ years, both sexes (%)",SE.ADT.LITR.ZS,Nigeria,NGA,59.5680809020996
"Adult literacy rate, population 15+ years, both sexes (%)",SE.ADT.LITR.ZS,Northern Mariana Islands,MNP,..
"Adult literacy rate, population 15+ years, both sexes (%)",SE.ADT.LITR.ZS,Norway,NOR,..
"Adult literacy rate, population 15+ years, both sexes (%)",SE.ADT.LITR.ZS,Oman,OMN,93.9716491699219
"Adult literacy rate, population 15+ years, both sexes (%)",SE.ADT.LITR.ZS,Pakistan,PAK,56.4403114318848
"Adult literacy rate, population 15+ years, both sexes (%)",SE.ADT.LITR.ZS,Palau,PLW,99.5239639282227
"Adult literacy rate, population 15+ years, both sexes (%)",SE.ADT.LITR.ZS,Panama,PAN,95.0382308959961
"Adult literacy rate, population 15+ years, both sexes (%)",SE.ADT.LITR.ZS,Papua New Guinea,PNG,63.4334907531738
"Adult literacy rate, population 15+ years, both sexes (%)",SE.ADT.LITR.ZS,Paraguay,PRY,95.5361099243164
"Adult literacy rate, population 15+ years, both sexes (%)",SE.ADT.LITR.ZS,Peru,PER,94.3743515014648
"Adult literacy rate, population 15+ years, both sexes (%)",SE.ADT.LITR.ZS,Philippines,PHL,96.6180267333984
"Adult literacy rate, population 15+ years, both sexes (%)",SE.ADT.LITR.ZS,Poland,POL,99.7874221801758
"Adult literacy rate, population 15+ years, both sexes (%)",SE.ADT.LITR.ZS,Portugal,PRT,95.428108215332
"Adult literacy rate, population 15+ years, both sexes (%)",SE.ADT.LITR.ZS,Puerto Rico,PRI,93.3294219970703
"Adult literacy rate, population 15+ years, both sexes (%)",SE.ADT.LITR.ZS,Qatar,QAT,97.7570877075195
"Adult literacy rate, population 15+ years, both sexes (%)",SE.ADT.LITR.ZS,Romania,ROM,98.7570266723633
"Adult literacy rate, population 15+ years, both sexes (%)",SE.ADT.LITR.ZS,Russian Federation,RUS,99.7195663452148
"Adult literacy rate, population 15+ years, both sexes (%)",SE.ADT.LITR.ZS,Rwanda,RWA,71.2434997558594
"Adult literacy rate, population 15+ years, both sexes (%)",SE.ADT.LITR.ZS,Samoa,WSM,99.015007019043
"Adult literacy rate, population 15+ years, both sexes (%)",SE.ADT.LITR.ZS,San Marino,SMR,..
"Adult literacy rate, population 15+ years, both sexes (%)",SE.ADT.LITR.ZS,Sao Tome and Principe,STP,91.7471084594727
"Adult literacy rate, population 15+ years, both sexes (%)",SE.ADT.LITR.ZS,Saudi Arabia,SAU,94.8423690795898
"Adult literacy rate, population 15+ years, both sexes (%)",SE.ADT.LITR.ZS,Senegal,SEN,55.6248512268066
"Adult literacy rate, population 15+ years, both sexes (%)",SE.ADT.LITR.ZS,Serbia,SRB,98.0028915405273
"Adult literacy rate, population 15+ years, both sexes (%)",SE.ADT.LITR.ZS,Seychelles,SYC,95.3210830688477
"Adult literacy rate, population 15+ years, both sexes (%)",SE.ADT.LITR.ZS,Sierra Leone,SLE,48.4319000244141
"Adult literacy rate, population 15+ years, both sexes (%)",SE.ADT.LITR.ZS,Singapore,SGP,96.7746276855469
"Adult literacy rate, population 15+ years, both sexes (%)",SE.ADT.LITR.ZS,Sint Maarten (Dutch part),SXM,..
"Adult literacy rate, population 15+ years, both sexes (%)",SE.ADT.LITR.ZS,Slovak Republic,SVK,..
"Adult literacy rate, population 15+ years, both sexes (%)",SE.ADT.LITR.ZS,Slovenia,SVN,99.7147598266602
"Adult literacy rate, population 15+ years, both sexes (%)",SE.ADT.LITR.ZS,Solomon Islands,SLB,..
"Adult literacy rate, population 15+ years, both sexes (%)",SE.ADT.LITR.ZS,Somalia,SOM,..
"Adult literacy rate, population 15+ years, both sexes (%)",SE.ADT.LITR.ZS,South Africa,ZAF,94.5979385375977
"Adult literacy rate, population 15+ years, both sexes (%)",SE.ADT.LITR.ZS,South Sudan,SSD,31.9762496948242
"Adult literacy rate, population 15+ years, both sexes (%)",SE.ADT.LITR.ZS,Spain,ESP,98.1145095825195
"Adult literacy rate, population 15+ years, both sexes (%)",SE.ADT.LITR.ZS,Sri Lanka,LKA,92.6141662597656
"Adult literacy rate, population 15+ years, both sexes (%)",SE.ADT.LITR.ZS,St. Kitts and Nevis,KNA,..
"Adult literacy rate, population 15+ years, both sexes (%)",SE.ADT.LITR.ZS,St. Lucia,LCA,..
"Adult literacy rate, population 15+ years, both sexes (%)",SE.ADT.LITR.ZS,St. Martin (French part),MAF,..
"Adult literacy rate, population 15+ years, both sexes (%)",SE.ADT.LITR.ZS,St. Vincent and the Grenadines,VCT,..
"Adult literacy rate, population 15+ years, both sexes (%)",SE.ADT.LITR.ZS,Sudan,SDN,58.601318359375
"Adult literacy rate, population 15+ years, both sexes (%)",SE.ADT.LITR.ZS,Suriname,SUR,95.5389862060547
"Adult literacy rate, population 15+ years, both sexes (%)",SE.ADT.LITR.ZS,Swaziland,SWZ,87.4701919555664
"Adult literacy rate, population 15+ years, both sexes (%)",SE.ADT.LITR.ZS,Sweden,SWE,..
"Adult literacy rate, population 15+ years, both sexes (%)",SE.ADT.LITR.ZS,Switzerland,CHE,..
"Adult literacy rate, population 15+ years, both sexes (%)",SE.ADT.LITR.ZS,Syrian Arab Republic,SYR,86.3039321899414
"Adult literacy rate, population 15+ years, both sexes (%)",SE.ADT.LITR.ZS,Tajikistan,TJK,99.7810516357422
"Adult literacy rate, population 15+ years, both sexes (%)",SE.ADT.LITR.ZS,Tanzania,TZA,80.3594970703125
"Adult literacy rate, population 15+ years, both sexes (%)",SE.ADT.LITR.ZS,Thailand,THA,93.9830169677734
"Adult literacy rate, population 15+ years, both sexes (%)",SE.ADT.LITR.ZS,Timor-Leste,TMP,64.0661392211914
"Adult literacy rate, population 15+ years, both sexes (%)",SE.ADT.LITR.ZS,Togo,TGO,66.5375900268555
"Adult literacy rate, population 15+ years, both sexes (%)",SE.ADT.LITR.ZS,Tonga,TON,99.3978576660156
"Adult literacy rate, population 15+ years, both sexes (%)",SE.ADT.LITR.ZS,Trinidad and Tobago,TTO,98.9695816040039
"Adult literacy rate, population 15+ years, both sexes (%)",SE.ADT.LITR.ZS,Tunisia,TUN,81.0541915893555
"Adult literacy rate, population 15+ years, both sexes (%)",SE.ADT.LITR.ZS,Turkey,TUR,95.688102722168
"Adult literacy rate, population 15+ years, both sexes (%)",SE.ADT.LITR.ZS,Turkmenistan,TKM,99.6929321289063
"Adult literacy rate, population 15+ years, both sexes (%)",SE.ADT.LITR.ZS,Turks and Caicos Islands,TCA,..
"Adult literacy rate, population 15+ years, both sexes (%)",SE.ADT.LITR.ZS,Tuvalu,TUV,..
"Adult literacy rate, population 15+ years, both sexes (%)",SE.ADT.LITR.ZS,Uganda,UGA,73.8098373413086
"Adult literacy rate, population 15+ years, both sexes (%)",SE.ADT.LITR.ZS,Ukraine,UKR,99.7641067504883
"Adult literacy rate, population 15+ years, both sexes (%)",SE.ADT.LITR.ZS,United Arab Emirates,ARE,92.9863662719727
"Adult literacy rate, population 15+ years, both sexes (%)",SE.ADT.LITR.ZS,United Kingdom,GBR,..
"Adult literacy rate, population 15+ years, both sexes (%)",SE.ADT.LITR.ZS,United States,USA,..
"Adult literacy rate, population 15+ years, both sexes (%)",SE.ADT.LITR.ZS,Uruguay,URY,98.4421005249023
"Adult literacy rate, population 15+ years, both sexes (%)",SE.ADT.LITR.ZS,Uzbekistan,UZB,99.9951934814453
"Adult literacy rate, population 15+ years, both sexes (%)",SE.ADT.LITR.ZS,Vanuatu,VUT,85.0586776733398
"Adult literacy rate, population 15+ years, both sexes (%)",SE.ADT.LITR.ZS,"Venezuela, RB",VEN,95.3992462158203
"Adult literacy rate, population 15+ years, both sexes (%)",SE.ADT.LITR.ZS,Vietnam,VNM,94.5142669677734
"Adult literacy rate, population 15+ years, both sexes (%)",SE.ADT.LITR.ZS,Virgin Islands (U.S.),VIR,..
"Adult literacy rate, population 15+ years, both sexes (%)",SE.ADT.LITR.ZS,West Bank and Gaza,WBG,96.6680374145508
"Adult literacy rate, population 15+ years, both sexes (%)",SE.ADT.LITR.ZS,"Yemen, Rep.",YEM,69.9619522094727
"Adult literacy rate, population 15+ years, both sexes (%)",SE.ADT.LITR.ZS,Zambia,ZMB,85.1172637939453
"Adult literacy rate, population 15+ years, both sexes (%)",SE.ADT.LITR.ZS,Zimbabwe,ZWE,86.8734817504883
"Literacy rate, adult male (% of males ages 15 and above)",SE.ADT.LITR.MA.ZS,Afghanistan,AFG,51.4726791381836
"Literacy rate, adult male (% of males ages 15 and above)",SE.ADT.LITR.MA.ZS,Albania,ALB,98.3676376342773
"Literacy rate, adult male (% of males ages 15 and above)",SE.ADT.LITR.MA.ZS,Algeria,DZA,86.1308212280273
"Literacy rate, adult male (% of males ages 15 and above)",SE.ADT.LITR.MA.ZS,American Samoa,ASM,..
"Literacy rate, adult male (% of males ages 15 and above)",SE.ADT.LITR.MA.ZS,Andorra,ADO,..
"Literacy rate, adult male (% of males ages 15 and above)",SE.ADT.LITR.MA.ZS,Angola,AGO,81.9690170288086
"Literacy rate, adult male (% of males ages 15 and above)",SE.ADT.LITR.MA.ZS,Antigua and Barbuda,ATG,..
"Literacy rate, adult male (% of males ages 15 and above)",SE.ADT.LITR.MA.ZS,Argentina,ARG,98.0419769287109
"Literacy rate, adult male (% of males ages 15 and above)",SE.ADT.LITR.MA.ZS,Armenia,ARM,99.8145065307617
"Literacy rate, adult male (% of males ages 15 and above)",SE.ADT.LITR.MA.ZS,Aruba,ABW,97.5358428955078
"Literacy rate, adult male (% of males ages 15 and above)",SE.ADT.LITR.MA.ZS,Australia,AUS,..
"Literacy rate, adult male (% of males ages 15 and above)",SE.ADT.LITR.MA.ZS,Austria,AUT,..
"Literacy rate, adult male (% of males ages 15 and above)",SE.ADT.LITR.MA.ZS,Azerbaijan,AZE,99.8797302246094
"Literacy rate, adult male (% of males ages 15 and above)",SE.ADT.LITR.MA.ZS,"Bahamas, The",BHS,..
"Literacy rate, adult male (% of males ages 15 and above)",SE.ADT.LITR.MA.ZS,Bahrain,BHR,96.949836730957
"Literacy rate, adult male (% of males ages 15 and above)",SE.ADT.LITR.MA.ZS,Bangladesh,BGD,64.6425933837891
"Literacy rate, adult male (% of males ages 15 and above)",SE.ADT.LITR.MA.ZS,Barbados,BRB,..
"Literacy rate, adult male (% of males ages 15 and above)",SE.ADT.LITR.MA.ZS,Belarus,BLR,99.786247253418
"Literacy rate, adult male (% of males ages 15 and above)",SE.ADT.LITR.MA.ZS,Belgium,BEL,..
"Literacy rate, adult male (% of males ages 15 and above)",SE.ADT.LITR.MA.ZS,Belize,BLZ,82.2285385131836
"Literacy rate, adult male (% of males ages 15 and above)",SE.ADT.LITR.MA.ZS,Benin,BEN,49.8728408813477
"Literacy rate, adult male (% of males ages 15 and above)",SE.ADT.LITR.MA.ZS,Bermuda,BMU,..
"Literacy rate, adult male (% of males ages 15 and above)",SE.ADT.LITR.MA.ZS,Bhutan,BTN,71.1471786499023
"Literacy rate, adult male (% of males ages 15 and above)",SE.ADT.LITR.MA.ZS,Bolivia,BOL,97.4371337890625
"Literacy rate, adult male (% of males ages 15 and above)",SE.ADT.LITR.MA.ZS,Bosnia and Herzegovina,BIH,99.5634536743164
"Literacy rate, adult male (% of males ages 15 and above)",SE.ADT.LITR.MA.ZS,Botswana,BWA,87.224609375
"Literacy rate, adult male (% of males ages 15 and above)",SE.ADT.LITR.MA.ZS,Brazil,BRA,92.2919387817383
"Literacy rate, adult male (% of males ages 15 and above)",SE.ADT.LITR.MA.ZS,British Virgin Islands,VGB,..
"Literacy rate, adult male (% of males ages 15 and above)",SE.ADT.LITR.MA.ZS,Brunei Darussalam,BRN,97.7980728149414
"Literacy rate, adult male (% of males ages 15 and above)",SE.ADT.LITR.MA.ZS,Bulgaria,BGR,98.7333526611328
"Literacy rate, adult male (% of males ages 15 and above)",SE.ADT.LITR.MA.ZS,Burkina Faso,BFA,47.5735015869141
"Literacy rate, adult male (% of males ages 15 and above)",SE.ADT.LITR.MA.ZS,Burundi,BDI,88.1914596557617
"Literacy rate, adult male (% of males ages 15 and above)",SE.ADT.LITR.MA.ZS,Cabo Verde,CPV,92.4602966308594
"Literacy rate, adult male (% of males ages 15 and above)",SE.ADT.LITR.MA.ZS,Cambodia,KHM,84.9544372558594
"Literacy rate, adult male (% of males ages 15 and above)",SE.ADT.LITR.MA.ZS,Cameroon,CMR,81.1528625488281
"Literacy rate, adult male (% of males ages 15 and above)",SE.ADT.LITR.MA.ZS,Canada,CAN,..
"Literacy rate, adult male (% of males ages 15 and above)",SE.ADT.LITR.MA.ZS,Cayman Islands,CYM,..
"Literacy rate, adult male (% of males ages 15 and above)",SE.ADT.LITR.MA.ZS,Central African Republic,CAF,50.7127113342285
"Literacy rate, adult male (% of males ages 15 and above)",SE.ADT.LITR.MA.ZS,Chad,TCD,48.3752784729004
"Literacy rate, adult male (% of males ages 15 and above)",SE.ADT.LITR.MA.ZS,Channel Islands,CHI,..
"Literacy rate, adult male (% of males ages 15 and above)",SE.ADT.LITR.MA.ZS,Chile,CHL,96.7582778930664
"Literacy rate, adult male (% of males ages 15 and above)",SE.ADT.LITR.MA.ZS,China,CHN,98.1647109985352
"Literacy rate, adult male (% of males ages 15 and above)",SE.ADT.LITR.MA.ZS,Colombia,COL,94.4774932861328
"Literacy rate, adult male (% of males ages 15 and above)",SE.ADT.LITR.MA.ZS,Comoros,COM,81.9989166259766
"Literacy rate, adult male (% of males ages 15 and above)",SE.ADT.LITR.MA.ZS,"Congo, Dem. Rep.",ZAR,88.8125762939453
"Literacy rate, adult male (% of males ages 15 and above)",SE.ADT.LITR.MA.ZS,"Congo, Rep.",COG,86.4343109130859
"Literacy rate, adult male (% of males ages 15 and above)",SE.ADT.LITR.MA.ZS,Costa Rica,CRI,97.5835189819336
"Literacy rate, adult male (% of males ages 15 and above)",SE.ADT.LITR.MA.ZS,Cote d'Ivoire,CIV,53.2832489013672
"Literacy rate, adult male (% of males ages 15 and above)",SE.ADT.LITR.MA.ZS,Croatia,HRV,99.6556396484375
"Literacy rate, adult male (% of males ages 15 and above)",SE.ADT.LITR.MA.ZS,Cuba,CUB,99.6531982421875
"Literacy rate, adult male (% of males ages 15 and above)",SE.ADT.LITR.MA.ZS,Curacao,CUW,..
"Literacy rate, adult male (% of males ages 15 and above)",SE.ADT.LITR.MA.ZS,Cyprus,CYP,99.462287902832
"Literacy rate, adult male (% of males ages 15 and above)",SE.ADT.LITR.MA.ZS,Czech Republic,CZE,..
"Literacy rate, adult male (% of males ages 15 and above)",SE.ADT.LITR.MA.ZS,Denmark,DNK,..
"Literacy rate, adult male (% of males ages 15 and above)",SE.ADT.LITR.MA.ZS,Djibouti,DJI,..
"Literacy rate, adult male (% of males ages 15 and above)",SE.ADT.LITR.MA.ZS,Dominica,DMA,..
"Literacy rate, adult male (% of males ages 15 and above)",SE.ADT.LITR.MA.ZS,Dominican Republic,DOM,91.9502868652344
"Literacy rate, adult male (% of males ages 15 and above)",SE.ADT.LITR.MA.ZS,Ecuador,ECU,95.4501495361328
"Literacy rate, adult male (% of males ages 15 and above)",SE.ADT.LITR.MA.ZS,"Egypt, Arab Rep.",EGY,83.6136627197266
"Literacy rate, adult male (% of males ages 15 and above)",SE.ADT.LITR.MA.ZS,El Salvador,SLV,90.1024703979492
"Literacy rate, adult male (% of males ages 15 and above)",SE.ADT.LITR.MA.ZS,Equatorial Guinea,GNQ,97.3436508178711
"Literacy rate, adult male (% of males ages 15 and above)",SE.ADT.LITR.MA.ZS,Eritrea,ERI,82.293342590332
"Literacy rate, adult male (% of males ages 15 and above)",SE.ADT.LITR.MA.ZS,Estonia,EST,99.8456497192383
"Literacy rate, adult male (% of males ages 15 and above)",SE.ADT.LITR.MA.ZS,Ethiopia,ETH,57.2780609130859
"Literacy rate, adult male (% of males ages 15 and above)",SE.ADT.LITR.MA.ZS,Faroe Islands,FRO,..
"Literacy rate, adult male (% of males ages 15 and above)",SE.ADT.LITR.MA.ZS,Fiji,FJI,..
"Literacy rate, adult male (% of males ages 15 and above)",SE.ADT.LITR.MA.ZS,Finland,FIN,..
"Literacy rate, adult male (% of males ages 15 and above)",SE.ADT.LITR.MA.ZS,France,FRA,..
"Literacy rate, adult male (% of males ages 15 and above)",SE.ADT.LITR.MA.ZS,French Polynesia,PYF,..
"Literacy rate, adult male (% of males ages 15 and above)",SE.ADT.LITR.MA.ZS,Gabon,GAB,85.3137664794922
"Literacy rate, adult male (% of males ages 15 and above)",SE.ADT.LITR.MA.ZS,"Gambia, The",GMB,63.9298782348633
"Literacy rate, adult male (% of males ages 15 and above)",SE.ADT.LITR.MA.ZS,Georgia,GEO,99.7890777587891
"Literacy rate, adult male (% of males ages 15 and above)",SE.ADT.LITR.MA.ZS,Germany,DEU,..
"Literacy rate, adult male (% of males ages 15 and above)",SE.ADT.LITR.MA.ZS,Ghana,GHA,82.0347137451172
"Literacy rate, adult male (% of males ages 15 and above)",SE.ADT.LITR.MA.ZS,Gibraltar,GIB,..
"Literacy rate, adult male (% of males ages 15 and above)",SE.ADT.LITR.MA.ZS,Greece,GRC,97.042350769043
"Literacy rate, adult male (% of males ages 15 and above)",SE.ADT.LITR.MA.ZS,Greenland,GRL,..
"Literacy rate, adult male (% of males ages 15 and above)",SE.ADT.LITR.MA.ZS,Grenada,GRD,..
"Literacy rate, adult male (% of males ages 15 and above)",SE.ADT.LITR.MA.ZS,Guam,GUM,99.773567199707
"Literacy rate, adult male (% of males ages 15 and above)",SE.ADT.LITR.MA.ZS,Guatemala,GTM,84.7120208740234
"Literacy rate, adult male (% of males ages 15 and above)",SE.ADT.LITR.MA.ZS,Guinea,GIN,38.0907592773438
"Literacy rate, adult male (% of males ages 15 and above)",SE.ADT.LITR.MA.ZS,Guinea-Bissau,GNB,71.695198059082
"Literacy rate, adult male (% of males ages 15 and above)",SE.ADT.LITR.MA.ZS,Guyana,GUY,85.843879699707
"Literacy rate, adult male (% of males ages 15 and above)",SE.ADT.LITR.MA.ZS,Haiti,HTI,64.3891372680664
"Literacy rate, adult male (% of males ages 15 and above)",SE.ADT.LITR.MA.ZS,Honduras,HND,88.3213500976563
"Literacy rate, adult male (% of males ages 15 and above)",SE.ADT.LITR.MA.ZS,"Hong Kong SAR, China",HKG,..
"Literacy rate, adult male (% of males ages 15 and above)",SE.ADT.LITR.MA.ZS,Hungary,HUN,99.3941879272461
"Literacy rate, adult male (% of males ages 15 and above)",SE.ADT.LITR.MA.ZS,Iceland,ISL,..
"Literacy rate, adult male (% of males ages 15 and above)",SE.ADT.LITR.MA.ZS,India,IND,80.935546875
"Literacy rate, adult male (% of males ages 15 and above)",SE.ADT.LITR.MA.ZS,Indonesia,IDN,97.0591583251953
"Literacy rate, adult male (% of males ages 15 and above)",SE.ADT.LITR.MA.ZS,"Iran, Islamic Rep.",IRN,91.1413116455078
"Literacy rate, adult male (% of males ages 15 and above)",SE.ADT.LITR.MA.ZS,Iraq,IRQ,85.5987167358398
"Literacy rate, adult male (% of males ages 15 and above)",SE.ADT.LITR.MA.ZS,Ireland,IRL,..
"Literacy rate, adult male (% of males ages 15 and above)",SE.ADT.LITR.MA.ZS,Isle of Man,IMY,..
"Literacy rate, adult male (% of males ages 15 and above)",SE.ADT.LITR.MA.ZS,Israel,ISR,..
"Literacy rate, adult male (% of males ages 15 and above)",SE.ADT.LITR.MA.ZS,Italy,ITA,99.2570877075195
"Literacy rate, adult male (% of males ages 15 and above)",SE.ADT.LITR.MA.ZS,Jamaica,JAM,83.8798675537109
"Literacy rate, adult male (% of males ages 15 and above)",SE.ADT.LITR.MA.ZS,Japan,JPN,..
"Literacy rate, adult male (% of males ages 15 and above)",SE.ADT.LITR.MA.ZS,Jordan,JOR,98.5107727050781
"Literacy rate, adult male (% of males ages 15 and above)",SE.ADT.LITR.MA.ZS,Kazakhstan,KAZ,99.804328918457
"Literacy rate, adult male (% of males ages 15 and above)",SE.ADT.LITR.MA.ZS,Kenya,KEN,81.1103668212891
"Literacy rate, adult male (% of males ages 15 and above)",SE.ADT.LITR.MA.ZS,Kiribati,KIR,..
"Literacy rate, adult male (% of males ages 15 and above)",SE.ADT.LITR.MA.ZS,"Korea, Dem. People’s Rep.",PRK,99.9994735717773
"Literacy rate, adult male (% of males ages 15 and above)",SE.ADT.LITR.MA.ZS,"Korea, Rep.",KOR,..
"Literacy rate, adult male (% of males ages 15 and above)",SE.ADT.LITR.MA.ZS,Kosovo,KSV,..
"Literacy rate, adult male (% of males ages 15 and above)",SE.ADT.LITR.MA.ZS,Kuwait,KWT,96.7717437744141
"Literacy rate, adult male (% of males ages 15 and above)",SE.ADT.LITR.MA.ZS,Kyrgyz Republic,KGZ,99.6378936767578
"Literacy rate, adult male (% of males ages 15 and above)",SE.ADT.LITR.MA.ZS,Lao PDR,LAO,87.1649932861328
"Literacy rate, adult male (% of males ages 15 and above)",SE.ADT.LITR.MA.ZS,Latvia,LVA,99.874267578125
"Literacy rate, adult male (% of males ages 15 and above)",SE.ADT.LITR.MA.ZS,Lebanon,LBN,96.0350875854492
"Literacy rate, adult male (% of males ages 15 and above)",SE.ADT.LITR.MA.ZS,Lesotho,LSO,70.0667572021484
"Literacy rate, adult male (% of males ages 15 and above)",SE.ADT.LITR.MA.ZS,Liberia,LBR,62.4205703735352
"Literacy rate, adult male (% of males ages 15 and above)",SE.ADT.LITR.MA.ZS,Libya,LBY,96.9982528686523
"Literacy rate, adult male (% of males ages 15 and above)",SE.ADT.LITR.MA.ZS,Liechtenstein,LIE,..
"Literacy rate, adult male (% of males ages 15 and above)",SE.ADT.LITR.MA.ZS,Lithuania,LTU,99.8013687133789
"Literacy rate, adult male (% of males ages 15 and above)",SE.ADT.LITR.MA.ZS,Luxembourg,LUX,..
"Literacy rate, adult male (% of males ages 15 and above)",SE.ADT.LITR.MA.ZS,"Macao SAR, China",MAC,98.0155868530273
"Literacy rate, adult male (% of males ages 15 and above)",SE.ADT.LITR.MA.ZS,"Macedonia, FYR",MKD,98.8372573852539
"Literacy rate, adult male (% of males ages 15 and above)",SE.ADT.LITR.MA.ZS,Madagascar,MDG,66.7422714233398
"Literacy rate, adult male (% of males ages 15 and above)",SE.ADT.LITR.MA.ZS,Malawi,MWI,73.0181198120117
"Literacy rate, adult male (% of males ages 15 and above)",SE.ADT.LITR.MA.ZS,Malaysia,MYS,96.1960601806641
"Literacy rate, adult male (% of males ages 15 and above)",SE.ADT.LITR.MA.ZS,Maldives,MDV,99.7955322265625
"Literacy rate, adult male (% of males ages 15 and above)",SE.ADT.LITR.MA.ZS,Mali,MLI,45.0659103393555
"Literacy rate, adult male (% of males ages 15 and above)",SE.ADT.LITR.MA.ZS,Malta,MLT,92.5253372192383
"Literacy rate, adult male (% of males ages 15 and above)",SE.ADT.LITR.MA.ZS,Marshall Islands,MHL,98.3250961303711
"Literacy rate, adult male (% of males ages 15 and above)",SE.ADT.LITR.MA.ZS,Mauritania,MRT,62.6272888183594
"Literacy rate, adult male (% of males ages 15 and above)",SE.ADT.LITR.MA.ZS,Mauritius,MUS,92.8659515380859
"Literacy rate, adult male (% of males ages 15 and above)",SE.ADT.LITR.MA.ZS,Mexico,MEX,95.6092529296875
"Literacy rate, adult male (% of males ages 15 and above)",SE.ADT.LITR.MA.ZS,"Micronesia, Fed. Sts.",FSM,..
"Literacy rate, adult male (% of males ages 15 and above)",SE.ADT.LITR.MA.ZS,Moldova,MDA,99.4004974365234
"Literacy rate, adult male (% of males ages 15 and above)",SE.ADT.LITR.MA.ZS,Monaco,MCO,..
"Literacy rate, adult male (% of males ages 15 and above)",SE.ADT.LITR.MA.ZS,Mongolia,MNG,98.1766586303711
"Literacy rate, adult male (% of males ages 15 and above)",SE.ADT.LITR.MA.ZS,Montenegro,MNE,99.4485702514648
"Literacy rate, adult male (% of males ages 15 and above)",SE.ADT.LITR.MA.ZS,Morocco,MAR,81.8831405639648
"Literacy rate, adult male (% of males ages 15 and above)",SE.ADT.LITR.MA.ZS,Mozambique,MOZ,73.4274291992188
"Literacy rate, adult male (% of males ages 15 and above)",SE.ADT.LITR.MA.ZS,Myanmar,MMR,95.1660385131836
"Literacy rate, adult male (% of males ages 15 and above)",SE.ADT.LITR.MA.ZS,Namibia,NAM,91.0105590820313
"Literacy rate, adult male (% of males ages 15 and above)",SE.ADT.LITR.MA.ZS,Nauru,NRU,..
"Literacy rate, adult male (% of males ages 15 and above)",SE.ADT.LITR.MA.ZS,Nepal,NPL,75.8097763061523
"Literacy rate, adult male (% of males ages 15 and above)",SE.ADT.LITR.MA.ZS,Netherlands,NLD,..
"Literacy rate, adult male (% of males ages 15 and above)",SE.ADT.LITR.MA.ZS,New Caledonia,NCL,97.3390731811523
"Literacy rate, adult male (% of males ages 15 and above)",SE.ADT.LITR.MA.ZS,New Zealand,NZL,..
"Literacy rate, adult male (% of males ages 15 and above)",SE.ADT.LITR.MA.ZS,Nicaragua,NIC,82.2867813110352
"Literacy rate, adult male (% of males ages 15 and above)",SE.ADT.LITR.MA.ZS,Niger,NER,27.2803592681885
"Literacy rate, adult male (% of males ages 15 and above)",SE.ADT.LITR.MA.ZS,Nigeria,NGA,69.1888275146484
"Literacy rate, adult male (% of males ages 15 and above)",SE.ADT.LITR.MA.ZS,Northern Mariana Islands,MNP,..
"Literacy rate, adult male (% of males ages 15 and above)",SE.ADT.LITR.MA.ZS,Norway,NOR,..
"Literacy rate, adult male (% of males ages 15 and above)",SE.ADT.LITR.MA.ZS,Oman,OMN,95.787841796875
"Literacy rate, adult male (% of males ages 15 and above)",SE.ADT.LITR.MA.ZS,Pakistan,PAK,69.5702209472656
"Literacy rate, adult male (% of males ages 15 and above)",SE.ADT.LITR.MA.ZS,Palau,PLW,99.4981842041016
"Literacy rate, adult male (% of males ages 15 and above)",SE.ADT.LITR.MA.ZS,Panama,PAN,95.6596374511719
"Literacy rate, adult male (% of males ages 15 and above)",SE.ADT.LITR.MA.ZS,Papua New Guinea,PNG,65.0601119995117
"Literacy rate, adult male (% of males ages 15 and above)",SE.ADT.LITR.MA.ZS,Paraguay,PRY,96.0992126464844
"Literacy rate, adult male (% of males ages 15 and above)",SE.ADT.LITR.MA.ZS,Peru,PER,97.2625732421875
"Literacy rate, adult male (% of males ages 15 and above)",SE.ADT.LITR.MA.ZS,Philippines,PHL,96.2024993896484
"Literacy rate, adult male (% of males ages 15 and above)",SE.ADT.LITR.MA.ZS,Poland,POL,99.9162902832031
"Literacy rate, adult male (% of males ages 15 and above)",SE.ADT.LITR.MA.ZS,Portugal,PRT,96.9055328369141
"Literacy rate, adult male (% of males ages 15 and above)",SE.ADT.LITR.MA.ZS,Puerto Rico,PRI,92.7912521362305
"Literacy rate, adult male (% of males ages 15 and above)",SE.ADT.LITR.MA.ZS,Qatar,QAT,97.8331604003906
"Literacy rate, adult male (% of males ages 15 and above)",SE.ADT.LITR.MA.ZS,Romania,ROM,99.0857620239258
"Literacy rate, adult male (% of males ages 15 and above)",SE.ADT.LITR.MA.ZS,Russian Federation,RUS,99.7275085449219
"Literacy rate, adult male (% of males ages 15 and above)",SE.ADT.LITR.MA.ZS,Rwanda,RWA,74.6755905151367
"Literacy rate, adult male (% of males ages 15 and above)",SE.ADT.LITR.MA.ZS,Samoa,WSM,98.9114532470703
"Literacy rate, adult male (% of males ages 15 and above)",SE.ADT.LITR.MA.ZS,San Marino,SMR,..
"Literacy rate, adult male (% of males ages 15 and above)",SE.ADT.LITR.MA.ZS,Sao Tome and Principe,STP,95.6374816894531
"Literacy rate, adult male (% of males ages 15 and above)",SE.ADT.LITR.MA.ZS,Saudi Arabia,SAU,96.9495086669922
"Literacy rate, adult male (% of males ages 15 and above)",SE.ADT.LITR.MA.ZS,Senegal,SEN,68.4726181030273
"Literacy rate, adult male (% of males ages 15 and above)",SE.ADT.LITR.MA.ZS,Serbia,SRB,99.0834503173828
"Literacy rate, adult male (% of males ages 15 and above)",SE.ADT.LITR.MA.ZS,Seychelles,SYC,94.8051834106445
"Literacy rate, adult male (% of males ages 15 and above)",SE.ADT.LITR.MA.ZS,Sierra Leone,SLE,59.0377388000488
"Literacy rate, adult male (% of males ages 15 and above)",SE.ADT.LITR.MA.ZS,Singapore,SGP,98.6371917724609
"Literacy rate, adult male (% of males ages 15 and above)",SE.ADT.LITR.MA.ZS,Sint Maarten (Dutch part),SXM,..
"Literacy rate, adult male (% of males ages 15 and above)",SE.ADT.LITR.MA.ZS,Slovak Republic,SVK,..
"Literacy rate, adult male (% of males ages 15 and above)",SE.ADT.LITR.MA.ZS,Slovenia,SVN,99.7320938110352
"Literacy rate, adult male (% of males ages 15 and above)",SE.ADT.LITR.MA.ZS,Solomon Islands,SLB,..
"Literacy rate, adult male (% of males ages 15 and above)",SE.ADT.LITR.MA.ZS,Somalia,SOM,..
"Literacy rate, adult male (% of males ages 15 and above)",SE.ADT.LITR.MA.ZS,South Africa,ZAF,95.8328094482422
"Literacy rate, adult male (% of males ages 15 and above)",SE.ADT.LITR.MA.ZS,South Sudan,SSD,38.6484909057617
"Literacy rate, adult male (% of males ages 15 and above)",SE.ADT.LITR.MA.ZS,Spain,ESP,98.7670211791992
"Literacy rate, adult male (% of males ages 15 and above)",SE.ADT.LITR.MA.ZS,Sri Lanka,LKA,93.6166687011719
"Literacy rate, adult male (% of males ages 15 and above)",SE.ADT.LITR.MA.ZS,St. Kitts and Nevis,KNA,..
"Literacy rate, adult male (% of males ages 15 and above)",SE.ADT.LITR.MA.ZS,St. Lucia,LCA,..
"Literacy rate, adult male (% of males ages 15 and above)",SE.ADT.LITR.MA.ZS,St. Martin (French part),MAF,..
"Literacy rate, adult male (% of males ages 15 and above)",SE.ADT.LITR.MA.ZS,St. Vincent and the Grenadines,VCT,..
"Literacy rate, adult male (% of males ages 15 and above)",SE.ADT.LITR.MA.ZS,Sudan,SDN,64.1222229003906
"Literacy rate, adult male (% of males ages 15 and above)",SE.ADT.LITR.MA.ZS,Suriname,SUR,96.1179122924805
"Literacy rate, adult male (% of males ages 15 and above)",SE.ADT.LITR.MA.ZS,Swaziland,SWZ,87.4411163330078
"Literacy rate, adult male (% of males ages 15 and above)",SE.ADT.LITR.MA.ZS,Sweden,SWE,..
"Literacy rate, adult male (% of males ages 15 and above)",SE.ADT.LITR.MA.ZS,Switzerland,CHE,..
"Literacy rate, adult male (% of males ages 15 and above)",SE.ADT.LITR.MA.ZS,Syrian Arab Republic,SYR,91.8249816894531
"Literacy rate, adult male (% of males ages 15 and above)",SE.ADT.LITR.MA.ZS,Tajikistan,TJK,99.8253784179688
"Literacy rate, adult male (% of males ages 15 and above)",SE.ADT.LITR.MA.ZS,Tanzania,TZA,84.7619323730469
"Literacy rate, adult male (% of males ages 15 and above)",SE.ADT.LITR.MA.ZS,Thailand,THA,95.4315872192383
"Literacy rate, adult male (% of males ages 15 and above)",SE.ADT.LITR.MA.ZS,Timor-Leste,TMP,68.5242385864258
"Literacy rate, adult male (% of males ages 15 and above)",SE.ADT.LITR.MA.ZS,Togo,TGO,78.2931365966797
"Literacy rate, adult male (% of males ages 15 and above)",SE.ADT.LITR.MA.ZS,Tonga,TON,99.3489608764648
"Literacy rate, adult male (% of males ages 15 and above)",SE.ADT.LITR.MA.ZS,Trinidad and Tobago,TTO,99.247932434082
"Literacy rate, adult male (% of males ages 15 and above)",SE.ADT.LITR.MA.ZS,Tunisia,TUN,89.6815032958984
"Literacy rate, adult male (% of males ages 15 and above)",SE.ADT.LITR.MA.ZS,Turkey,TUR,98.646728515625
"Literacy rate, adult male (% of males ages 15 and above)",SE.ADT.LITR.MA.ZS,Turkmenistan,TKM,99.7598114013672
"Literacy rate, adult male (% of males ages 15 and above)",SE.ADT.LITR.MA.ZS,Turks and Caicos Islands,TCA,..
"Literacy rate, adult male (% of males ages 15 and above)",SE.ADT.LITR.MA.ZS,Tuvalu,TUV,..
"Literacy rate, adult male (% of males ages 15 and above)",SE.ADT.LITR.MA.ZS,Uganda,UGA,80.9540634155273
"Literacy rate, adult male (% of males ages 15 and above)",SE.ADT.LITR.MA.ZS,Ukraine,UKR,99.7934417724609
"Literacy rate, adult male (% of males ages 15 and above)",SE.ADT.LITR.MA.ZS,United Arab Emirates,ARE,92.3566207885742
"Literacy rate, adult male (% of males ages 15 and above)",SE.ADT.LITR.MA.ZS,United Kingdom,GBR,..
"Literacy rate, adult male (% of males ages 15 and above)",SE.ADT.LITR.MA.ZS,United States,USA,..
"Literacy rate, adult male (% of males ages 15 and above)",SE.ADT.LITR.MA.ZS,Uruguay,URY,98.0422515869141
"Literacy rate, adult male (% of males ages 15 and above)",SE.ADT.LITR.MA.ZS,Uzbekistan,UZB,99.9945068359375
"Literacy rate, adult male (% of males ages 15 and above)",SE.ADT.LITR.MA.ZS,Vanuatu,VUT,86.4513168334961
"Literacy rate, adult male (% of males ages 15 and above)",SE.ADT.LITR.MA.ZS,"Venezuela, RB",VEN,95.0813369750977
"Literacy rate, adult male (% of males ages 15 and above)",SE.ADT.LITR.MA.ZS,Vietnam,VNM,96.2776412963867
"Literacy rate, adult male (% of males ages 15 and above)",SE.ADT.LITR.MA.ZS,Virgin Islands (U.S.),VIR,..
"Literacy rate, adult male (% of males ages 15 and above)",SE.ADT.LITR.MA.ZS,West Bank and Gaza,WBG,98.4946670532227
"Literacy rate, adult male (% of males ages 15 and above)",SE.ADT.LITR.MA.ZS,"Yemen, Rep.",YEM,84.9732818603516
"Literacy rate, adult male (% of males ages 15 and above)",SE.ADT.LITR.MA.ZS,Zambia,ZMB,89.7484512329102
"Literacy rate, adult male (% of males ages 15 and above)",SE.ADT.LITR.MA.ZS,Zimbabwe,ZWE,88.5482177734375
"Literacy rate, adult female (% of females ages 15 and above)",SE.ADT.LITR.FE.ZS,Afghanistan,AFG,23.8738498687744
"Literacy rate, adult female (% of females ages 15 and above)",SE.ADT.LITR.FE.ZS,Albania,ALB,96.7696914672852
"Literacy rate, adult female (% of females ages 15 and above)",SE.ADT.LITR.FE.ZS,Algeria,DZA,73.0551300048828
"Literacy rate, adult female (% of females ages 15 and above)",SE.ADT.LITR.FE.ZS,American Samoa,ASM,..
"Literacy rate, adult female (% of females ages 15 and above)",SE.ADT.LITR.FE.ZS,Andorra,ADO,..
"Literacy rate, adult female (% of females ages 15 and above)",SE.ADT.LITR.FE.ZS,Angola,AGO,60.744800567627
"Literacy rate, adult female (% of females ages 15 and above)",SE.ADT.LITR.FE.ZS,Antigua and Barbuda,ATG,..
"Literacy rate, adult female (% of females ages 15 and above)",SE.ADT.LITR.FE.ZS,Argentina,ARG,98.1347808837891
"Literacy rate, adult female (% of females ages 15 and above)",SE.ADT.LITR.FE.ZS,Armenia,ARM,99.73046875
"Literacy rate, adult female (% of females ages 15 and above)",SE.ADT.LITR.FE.ZS,Aruba,ABW,97.5139617919922
"Literacy rate, adult female (% of females ages 15 and above)",SE.ADT.LITR.FE.ZS,Australia,AUS,..
"Literacy rate, adult female (% of females ages 15 and above)",SE.ADT.LITR.FE.ZS,Austria,AUT,..
"Literacy rate, adult female (% of females ages 15 and above)",SE.ADT.LITR.FE.ZS,Azerbaijan,AZE,99.7345199584961
"Literacy rate, adult female (% of females ages 15 and above)",SE.ADT.LITR.FE.ZS,"Bahamas, The",BHS,..
"Literacy rate, adult female (% of females ages 15 and above)",SE.ADT.LITR.FE.ZS,Bahrain,BHR,93.4338607788086
"Literacy rate, adult female (% of females ages 15 and above)",SE.ADT.LITR.FE.ZS,Bangladesh,BGD,58.3136405944824
"Literacy rate, adult female (% of females ages 15 and above)",SE.ADT.LITR.FE.ZS,Barbados,BRB,..
"Literacy rate, adult female (% of females ages 15 and above)",SE.ADT.LITR.FE.ZS,Belarus,BLR,99.6683502197266
"Literacy rate, adult female (% of females ages 15 and above)",SE.ADT.LITR.FE.ZS,Belgium,BEL,..
"Literacy rate, adult female (% of females ages 15 and above)",SE.ADT.LITR.FE.ZS,Belize,BLZ,83.3138198852539
"Literacy rate, adult female (% of females ages 15 and above)",SE.ADT.LITR.FE.ZS,Benin,BEN,27.2882595062256
"Literacy rate, adult female (% of females ages 15 and above)",SE.ADT.LITR.FE.ZS,Bermuda,BMU,..
"Literacy rate, adult female (% of females ages 15 and above)",SE.ADT.LITR.FE.ZS,Bhutan,BTN,55.1181907653809
"Literacy rate, adult female (% of females ages 15 and above)",SE.ADT.LITR.FE.ZS,Bolivia,BOL,92.8760604858398
"Literacy rate, adult female (% of females ages 15 and above)",SE.ADT.LITR.FE.ZS,Bosnia and Herzegovina,BIH,97.4295425415039
"Literacy rate, adult female (% of females ages 15 and above)",SE.ADT.LITR.FE.ZS,Botswana,BWA,89.2134704589844
"Literacy rate, adult female (% of females ages 15 and above)",SE.ADT.LITR.FE.ZS,Brazil,BRA,92.8659210205078
"Literacy rate, adult female (% of females ages 15 and above)",SE.ADT.LITR.FE.ZS,British Virgin Islands,VGB,..
"Literacy rate, adult female (% of females ages 15 and above)",SE.ADT.LITR.FE.ZS,Brunei Darussalam,BRN,95.4420318603516
"Literacy rate, adult female (% of females ages 15 and above)",SE.ADT.LITR.FE.ZS,Bulgaria,BGR,98.0688095092773
"Literacy rate, adult female (% of females ages 15 and above)",SE.ADT.LITR.FE.ZS,Burkina Faso,BFA,28.348840713501
"Literacy rate, adult female (% of females ages 15 and above)",SE.ADT.LITR.FE.ZS,Burundi,BDI,82.9128875732422
"Literacy rate, adult female (% of females ages 15 and above)",SE.ADT.LITR.FE.ZS,Cabo Verde,CPV,84.6595077514648
"Literacy rate, adult female (% of females ages 15 and above)",SE.ADT.LITR.FE.ZS,Cambodia,KHM,72.2968368530273
"Literacy rate, adult female (% of females ages 15 and above)",SE.ADT.LITR.FE.ZS,Cameroon,CMR,68.8810119628906
"Literacy rate, adult female (% of females ages 15 and above)",SE.ADT.LITR.FE.ZS,Canada,CAN,..
"Literacy rate, adult female (% of females ages 15 and above)",SE.ADT.LITR.FE.ZS,Cayman Islands,CYM,..
"Literacy rate, adult female (% of females ages 15 and above)",SE.ADT.LITR.FE.ZS,Central African Republic,CAF,24.355489730835
"Literacy rate, adult female (% of females ages 15 and above)",SE.ADT.LITR.FE.ZS,Chad,TCD,31.7542991638184
"Literacy rate, adult female (% of females ages 15 and above)",SE.ADT.LITR.FE.ZS,Channel Islands,CHI,..
"Literacy rate, adult female (% of females ages 15 and above)",SE.ADT.LITR.FE.ZS,Chile,CHL,96.5022201538086
"Literacy rate, adult female (% of females ages 15 and above)",SE.ADT.LITR.FE.ZS,China,CHN,94.4713897705078
"Literacy rate, adult female (% of females ages 15 and above)",SE.ADT.LITR.FE.ZS,Colombia,COL,94.6714019775391
"Literacy rate, adult female (% of females ages 15 and above)",SE.ADT.LITR.FE.ZS,Comoros,COM,74.2552032470703
"Literacy rate, adult female (% of females ages 15 and above)",SE.ADT.LITR.FE.ZS,"Congo, Dem. Rep.",ZAR,65.897346496582
"Literacy rate, adult female (% of females ages 15 and above)",SE.ADT.LITR.FE.ZS,"Congo, Rep.",COG,72.8770599365234
"Literacy rate, adult female (% of females ages 15 and above)",SE.ADT.LITR.FE.ZS,Costa Rica,CRI,97.7102508544922
"Literacy rate, adult female (% of females ages 15 and above)",SE.ADT.LITR.FE.ZS,Cote d'Ivoire,CIV,32.7297096252441
"Literacy rate, adult female (% of females ages 15 and above)",SE.ADT.LITR.FE.ZS,Croatia,HRV,98.9235076904297
"Literacy rate, adult female (% of females ages 15 and above)",SE.ADT.LITR.FE.ZS,Cuba,CUB,99.7682189941406
"Literacy rate, adult female (% of females ages 15 and above)",SE.ADT.LITR.FE.ZS,Curacao,CUW,..
"Literacy rate, adult female (% of females ages 15 and above)",SE.ADT.LITR.FE.ZS,Cyprus,CYP,98.6427993774414
"Literacy rate, adult female (% of females ages 15 and above)",SE.ADT.LITR.FE.ZS,Czech Republic,CZE,..
"Literacy rate, adult female (% of females ages 15 and above)",SE.ADT.LITR.FE.ZS,Denmark,DNK,..
"Literacy rate, adult female (% of females ages 15 and above)",SE.ADT.LITR.FE.ZS,Djibouti,DJI,..
"Literacy rate, adult female (% of females ages 15 and above)",SE.ADT.LITR.FE.ZS,Dominica,DMA,..
"Literacy rate, adult female (% of females ages 15 and above)",SE.ADT.LITR.FE.ZS,Dominican Republic,DOM,92.9675521850586
"Literacy rate, adult female (% of females ages 15 and above)",SE.ADT.LITR.FE.ZS,Ecuador,ECU,93.5975875854492
"Literacy rate, adult female (% of females ages 15 and above)",SE.ADT.LITR.FE.ZS,"Egypt, Arab Rep.",EGY,68.0577926635742
"Literacy rate, adult female (% of females ages 15 and above)",SE.ADT.LITR.FE.ZS,El Salvador,SLV,85.6079177856445
"Literacy rate, adult female (% of females ages 15 and above)",SE.ADT.LITR.FE.ZS,Equatorial Guinea,GNQ,92.8865127563477
"Literacy rate, adult female (% of females ages 15 and above)",SE.ADT.LITR.FE.ZS,Eritrea,ERI,65.608772277832
"Literacy rate, adult female (% of females ages 15 and above)",SE.ADT.LITR.FE.ZS,Estonia,EST,99.8047027587891
"Literacy rate, adult female (% of females ages 15 and above)",SE.ADT.LITR.FE.ZS,Ethiopia,ETH,40.9679412841797
"Literacy rate, adult female (% of females ages 15 and above)",SE.ADT.LITR.FE.ZS,Faroe Islands,FRO,..
"Literacy rate, adult female (% of females ages 15 and above)",SE.ADT.LITR.FE.ZS,Fiji,FJI,..
"Literacy rate, adult female (% of females ages 15 and above)",SE.ADT.LITR.FE.ZS,Finland,FIN,..
"Literacy rate, adult female (% of females ages 15 and above)",SE.ADT.LITR.FE.ZS,France,FRA,..
"Literacy rate, adult female (% of females ages 15 and above)",SE.ADT.LITR.FE.ZS,French Polynesia,PYF,..
"Literacy rate, adult female (% of females ages 15 and above)",SE.ADT.LITR.FE.ZS,Gabon,GAB,81.1102066040039
"Literacy rate, adult female (% of females ages 15 and above)",SE.ADT.LITR.FE.ZS,"Gambia, The",GMB,47.644889831543
"Literacy rate, adult female (% of females ages 15 and above)",SE.ADT.LITR.FE.ZS,Georgia,GEO,99.7338180541992
"Literacy rate, adult female (% of females ages 15 and above)",SE.ADT.LITR.FE.ZS,Germany,DEU,..
"Literacy rate, adult female (% of females ages 15 and above)",SE.ADT.LITR.FE.ZS,Ghana,GHA,71.3500213623047
"Literacy rate, adult female (% of females ages 15 and above)",SE.ADT.LITR.FE.ZS,Gibraltar,GIB,..
"Literacy rate, adult female (% of females ages 15 and above)",SE.ADT.LITR.FE.ZS,Greece,GRC,93.6543884277344
"Literacy rate, adult female (% of females ages 15 and above)",SE.ADT.LITR.FE.ZS,Greenland,GRL,..
"Literacy rate, adult female (% of females ages 15 and above)",SE.ADT.LITR.FE.ZS,Grenada,GRD,..
"Literacy rate, adult female (% of females ages 15 and above)",SE.ADT.LITR.FE.ZS,Guam,GUM,99.8048095703125
"Literacy rate, adult female (% of females ages 15 and above)",SE.ADT.LITR.FE.ZS,Guatemala,GTM,73.9197692871094
"Literacy rate, adult female (% of females ages 15 and above)",SE.ADT.LITR.FE.ZS,Guinea,GIN,22.8710403442383
"Literacy rate, adult female (% of females ages 15 and above)",SE.ADT.LITR.FE.ZS,Guinea-Bissau,GNB,48.1365585327148
"Literacy rate, adult female (% of females ages 15 and above)",SE.ADT.LITR.FE.ZS,Guyana,GUY,89.2351379394531
"Literacy rate, adult female (% of females ages 15 and above)",SE.ADT.LITR.FE.ZS,Haiti,HTI,57.1709899902344
"Literacy rate, adult female (% of females ages 15 and above)",SE.ADT.LITR.FE.ZS,Honduras,HND,88.5259399414063
"Literacy rate, adult female (% of females ages 15 and above)",SE.ADT.LITR.FE.ZS,"Hong Kong SAR, China",HKG,..
"Literacy rate, adult female (% of females ages 15 and above)",SE.ADT.LITR.FE.ZS,Hungary,HUN,99.3690872192383
"Literacy rate, adult female (% of females ages 15 and above)",SE.ADT.LITR.FE.ZS,Iceland,ISL,..
"Literacy rate, adult female (% of females ages 15 and above)",SE.ADT.LITR.FE.ZS,India,IND,62.9847183227539
"Literacy rate, adult female (% of females ages 15 and above)",SE.ADT.LITR.FE.ZS,Indonesia,IDN,93.8172378540039
"Literacy rate, adult female (% of females ages 15 and above)",SE.ADT.LITR.FE.ZS,"Iran, Islamic Rep.",IRN,83.1818923950195
"Literacy rate, adult female (% of females ages 15 and above)",SE.ADT.LITR.FE.ZS,Iraq,IRQ,73.8307571411133
"Literacy rate, adult female (% of females ages 15 and above)",SE.ADT.LITR.FE.ZS,Ireland,IRL,..
"Literacy rate, adult female (% of females ages 15 and above)",SE.ADT.LITR.FE.ZS,Isle of Man,IMY,..
"Literacy rate, adult female (% of females ages 15 and above)",SE.ADT.LITR.FE.ZS,Israel,ISR,..
"Literacy rate, adult female (% of females ages 15 and above)",SE.ADT.LITR.FE.ZS,Italy,ITA,98.7915802001953
"Literacy rate, adult female (% of females ages 15 and above)",SE.ADT.LITR.FE.ZS,Jamaica,JAM,93.0105972290039
"Literacy rate, adult female (% of females ages 15 and above)",SE.ADT.LITR.FE.ZS,Japan,JPN,..
"Literacy rate, adult female (% of females ages 15 and above)",SE.ADT.LITR.FE.ZS,Jordan,JOR,97.4907073974609
"Literacy rate, adult female (% of females ages 15 and above)",SE.ADT.LITR.FE.ZS,Kazakhstan,KAZ,99.7731399536133
"Literacy rate, adult female (% of females ages 15 and above)",SE.ADT.LITR.FE.ZS,Kenya,KEN,74.969841003418
"Literacy rate, adult female (% of females ages 15 and above)",SE.ADT.LITR.FE.ZS,Kiribati,KIR,..
"Literacy rate, adult female (% of females ages 15 and above)",SE.ADT.LITR.FE.ZS,"Korea, Dem. People’s Rep.",PRK,99.9990310668945
"Literacy rate, adult female (% of females ages 15 and above)",SE.ADT.LITR.FE.ZS,"Korea, Rep.",KOR,..
"Literacy rate, adult female (% of females ages 15 and above)",SE.ADT.LITR.FE.ZS,Kosovo,KSV,..
"Literacy rate, adult female (% of females ages 15 and above)",SE.ADT.LITR.FE.ZS,Kuwait,KWT,95.2303924560547
"Literacy rate, adult female (% of females ages 15 and above)",SE.ADT.LITR.FE.ZS,Kyrgyz Republic,KGZ,99.3713607788086
"Literacy rate, adult female (% of females ages 15 and above)",SE.ADT.LITR.FE.ZS,Lao PDR,LAO,72.8244171142578
"Literacy rate, adult female (% of females ages 15 and above)",SE.ADT.LITR.FE.ZS,Latvia,LVA,99.9077072143555
"Literacy rate, adult female (% of females ages 15 and above)",SE.ADT.LITR.FE.ZS,Lebanon,LBN,92.039421081543
"Literacy rate, adult female (% of females ages 15 and above)",SE.ADT.LITR.FE.ZS,Lesotho,LSO,88.2874984741211
"Literacy rate, adult female (% of females ages 15 and above)",SE.ADT.LITR.FE.ZS,Liberia,LBR,32.8148307800293
"Literacy rate, adult female (% of females ages 15 and above)",SE.ADT.LITR.FE.ZS,Libya,LBY,85.8112869262695
"Literacy rate, adult female (% of females ages 15 and above)",SE.ADT.LITR.FE.ZS,Liechtenstein,LIE,..
"Literacy rate, adult female (% of females ages 15 and above)",SE.ADT.LITR.FE.ZS,Lithuania,LTU,99.8413314819336
"Literacy rate, adult female (% of females ages 15 and above)",SE.ADT.LITR.FE.ZS,Luxembourg,LUX,..
"Literacy rate, adult female (% of females ages 15 and above)",SE.ADT.LITR.FE.ZS,"Macao SAR, China",MAC,94.5989227294922
"Literacy rate, adult female (% of females ages 15 and above)",SE.ADT.LITR.FE.ZS,"Macedonia, FYR",MKD,96.8707275390625
"Literacy rate, adult female (% of females ages 15 and above)",SE.ADT.LITR.FE.ZS,Madagascar,MDG,62.6137886047363
"Literacy rate, adult female (% of females ages 15 and above)",SE.ADT.LITR.FE.ZS,Malawi,MWI,59.0311088562012
"Literacy rate, adult female (% of females ages 15 and above)",SE.ADT.LITR.FE.ZS,Malaysia,MYS,93.1064682006836
"Literacy rate, adult female (% of females ages 15 and above)",SE.ADT.LITR.FE.ZS,Maldives,MDV,98.8550796508789
"Literacy rate, adult female (% of females ages 15 and above)",SE.ADT.LITR.FE.ZS,Mali,MLI,22.195779800415
"Literacy rate, adult female (% of females ages 15 and above)",SE.ADT.LITR.FE.ZS,Malta,MLT,95.5901489257813
"Literacy rate, adult female (% of females ages 15 and above)",SE.ADT.LITR.FE.ZS,Marshall Islands,MHL,98.2029800415039
"Literacy rate, adult female (% of females ages 15 and above)",SE.ADT.LITR.FE.ZS,Mauritania,MRT,41.6115303039551
"Literacy rate, adult female (% of females ages 15 and above)",SE.ADT.LITR.FE.ZS,Mauritius,MUS,88.4531173706055
"Literacy rate, adult female (% of females ages 15 and above)",SE.ADT.LITR.FE.ZS,Mexico,MEX,93.5134201049805
"Literacy rate, adult female (% of females ages 15 and above)",SE.ADT.LITR.FE.ZS,"Micronesia, Fed. Sts.",FSM,..
"Literacy rate, adult female (% of females ages 15 and above)",SE.ADT.LITR.FE.ZS,Moldova,MDA,99.1035919189453
"Literacy rate, adult female (% of females ages 15 and above)",SE.ADT.LITR.FE.ZS,Monaco,MCO,..
"Literacy rate, adult female (% of females ages 15 and above)",SE.ADT.LITR.FE.ZS,Mongolia,MNG,98.5517578125
"Literacy rate, adult female (% of females ages 15 and above)",SE.ADT.LITR.FE.ZS,Montenegro,MNE,98.0236434936523
"Literacy rate, adult female (% of females ages 15 and above)",SE.ADT.LITR.FE.ZS,Morocco,MAR,62.0461196899414
"Literacy rate, adult female (% of females ages 15 and above)",SE.ADT.LITR.FE.ZS,Mozambique,MOZ,45.5254707336426
"Literacy rate, adult female (% of females ages 15 and above)",SE.ADT.LITR.FE.ZS,Myanmar,MMR,91.1504516601563
"Literacy rate, adult female (% of females ages 15 and above)",SE.ADT.LITR.FE.ZS,Namibia,NAM,90.6467208862305
"Literacy rate, adult female (% of females ages 15 and above)",SE.ADT.LITR.FE.ZS,Nauru,NRU,..
"Literacy rate, adult female (% of females ages 15 and above)",SE.ADT.LITR.FE.ZS,Nepal,NPL,54.7505187988281
"Literacy rate, adult female (% of females ages 15 and above)",SE.ADT.LITR.FE.ZS,Netherlands,NLD,..
"Literacy rate, adult female (% of females ages 15 and above)",SE.ADT.LITR.FE.ZS,New Caledonia,NCL,96.5335998535156
"Literacy rate, adult female (% of females ages 15 and above)",SE.ADT.LITR.FE.ZS,New Zealand,NZL,..
"Literacy rate, adult female (% of females ages 15 and above)",SE.ADT.LITR.FE.ZS,Nicaragua,NIC,82.6454925537109
"Literacy rate, adult female (% of females ages 15 and above)",SE.ADT.LITR.FE.ZS,Niger,NER,11.0157203674316
"Literacy rate, adult female (% of females ages 15 and above)",SE.ADT.LITR.FE.ZS,Nigeria,NGA,49.6801986694336
"Literacy rate, adult female (% of females ages 15 and above)",SE.ADT.LITR.FE.ZS,Northern Mariana Islands,MNP,..
"Literacy rate, adult female (% of females ages 15 and above)",SE.ADT.LITR.FE.ZS,Norway,NOR,..
"Literacy rate, adult female (% of females ages 15 and above)",SE.ADT.LITR.FE.ZS,Oman,OMN,89.6620483398438
"Literacy rate, adult female (% of females ages 15 and above)",SE.ADT.LITR.FE.ZS,Pakistan,PAK,42.7271690368652
"Literacy rate, adult female (% of females ages 15 and above)",SE.ADT.LITR.FE.ZS,Palau,PLW,99.5526962280273
"Literacy rate, adult female (% of females ages 15 and above)",SE.ADT.LITR.FE.ZS,Panama,PAN,94.4217071533203
"Literacy rate, adult female (% of females ages 15 and above)",SE.ADT.LITR.FE.ZS,Papua New Guinea,PNG,61.7729911804199
"Literacy rate, adult female (% of females ages 15 and above)",SE.ADT.LITR.FE.ZS,Paraguay,PRY,94.9580764770508
"Literacy rate, adult female (% of females ages 15 and above)",SE.ADT.LITR.FE.ZS,Peru,PER,91.5406265258789
"Literacy rate, adult female (% of females ages 15 and above)",SE.ADT.LITR.FE.ZS,Philippines,PHL,97.0327529907227
"Literacy rate, adult female (% of females ages 15 and above)",SE.ADT.LITR.FE.ZS,Poland,POL,99.6692123413086
"Literacy rate, adult female (% of females ages 15 and above)",SE.ADT.LITR.FE.ZS,Portugal,PRT,94.1327362060547
"Literacy rate, adult female (% of females ages 15 and above)",SE.ADT.LITR.FE.ZS,Puerto Rico,PRI,93.8100509643555
"Literacy rate, adult female (% of females ages 15 and above)",SE.ADT.LITR.FE.ZS,Qatar,QAT,97.5120086669922
"Literacy rate, adult female (% of females ages 15 and above)",SE.ADT.LITR.FE.ZS,Romania,ROM,98.4547119140625
"Literacy rate, adult female (% of females ages 15 and above)",SE.ADT.LITR.FE.ZS,Russian Federation,RUS,99.7129364013672
"Literacy rate, adult female (% of females ages 15 and above)",SE.ADT.LITR.FE.ZS,Rwanda,RWA,68.2693176269531
"Literacy rate, adult female (% of females ages 15 and above)",SE.ADT.LITR.FE.ZS,Samoa,WSM,99.1247863769531
"Literacy rate, adult female (% of females ages 15 and above)",SE.ADT.LITR.FE.ZS,San Marino,SMR,..
"Literacy rate, adult female (% of females ages 15 and above)",SE.ADT.LITR.FE.ZS,Sao Tome and Principe,STP,87.9602890014648
"Literacy rate, adult female (% of females ages 15 and above)",SE.ADT.LITR.FE.ZS,Saudi Arabia,SAU,91.8406829833984
"Literacy rate, adult female (% of females ages 15 and above)",SE.ADT.LITR.FE.ZS,Senegal,SEN,43.8003616333008
"Literacy rate, adult female (% of females ages 15 and above)",SE.ADT.LITR.FE.ZS,Serbia,SRB,96.9917831420898
"Literacy rate, adult female (% of females ages 15 and above)",SE.ADT.LITR.FE.ZS,Seychelles,SYC,95.8478469848633
"Literacy rate, adult female (% of females ages 15 and above)",SE.ADT.LITR.FE.ZS,Sierra Leone,SLE,38.1814498901367
"Literacy rate, adult female (% of females ages 15 and above)",SE.ADT.LITR.FE.ZS,Singapore,SGP,94.984016418457
"Literacy rate, adult female (% of females ages 15 and above)",SE.ADT.LITR.FE.ZS,Sint Maarten (Dutch part),SXM,..
"Literacy rate, adult female (% of females ages 15 and above)",SE.ADT.LITR.FE.ZS,Slovak Republic,SVK,..
"Literacy rate, adult female (% of females ages 15 and above)",SE.ADT.LITR.FE.ZS,Slovenia,SVN,99.6979522705078
"Literacy rate, adult female (% of females ages 15 and above)",SE.ADT.LITR.FE.ZS,Solomon Islands,SLB,..
"Literacy rate, adult female (% of females ages 15 and above)",SE.ADT.LITR.FE.ZS,Somalia,SOM,..
"Literacy rate, adult female (% of females ages 15 and above)",SE.ADT.LITR.FE.ZS,South Africa,ZAF,93.4289321899414
"Literacy rate, adult female (% of females ages 15 and above)",SE.ADT.LITR.FE.ZS,South Sudan,SSD,25.3930606842041
"Literacy rate, adult female (% of females ages 15 and above)",SE.ADT.LITR.FE.ZS,Spain,ESP,97.4969635009766
"Literacy rate, adult female (% of females ages 15 and above)",SE.ADT.LITR.FE.ZS,Sri Lanka,LKA,91.7086486816406
"Literacy rate, adult female (% of females ages 15 and above)",SE.ADT.LITR.FE.ZS,St. Kitts and Nevis,KNA,..
"Literacy rate, adult female (% of females ages 15 and above)",SE.ADT.LITR.FE.ZS,St. Lucia,LCA,..
"Literacy rate, adult female (% of females ages 15 and above)",SE.ADT.LITR.FE.ZS,St. Martin (French part),MAF,..
"Literacy rate, adult female (% of females ages 15 and above)",SE.ADT.LITR.FE.ZS,St. Vincent and the Grenadines,VCT,..
"Literacy rate, adult female (% of females ages 15 and above)",SE.ADT.LITR.FE.ZS,Sudan,SDN,53.1235504150391
"Literacy rate, adult female (% of females ages 15 and above)",SE.ADT.LITR.FE.ZS,Suriname,SUR,94.9679489135742
"Literacy rate, adult female (% of females ages 15 and above)",SE.ADT.LITR.FE.ZS,Swaziland,SWZ,87.4980392456055
"Literacy rate, adult female (% of females ages 15 and above)",SE.ADT.LITR.FE.ZS,Sweden,SWE,..
"Literacy rate, adult female (% of females ages 15 and above)",SE.ADT.LITR.FE.ZS,Switzerland,CHE,..
"Literacy rate, adult female (% of females ages 15 and above)",SE.ADT.LITR.FE.ZS,Syrian Arab Republic,SYR,80.7249374389648
"Literacy rate, adult female (% of females ages 15 and above)",SE.ADT.LITR.FE.ZS,Tajikistan,TJK,99.736572265625
"Literacy rate, adult female (% of females ages 15 and above)",SE.ADT.LITR.FE.ZS,Tanzania,TZA,76.0897827148438
"Literacy rate, adult female (% of females ages 15 and above)",SE.ADT.LITR.FE.ZS,Thailand,THA,92.5984420776367
"Literacy rate, adult female (% of females ages 15 and above)",SE.ADT.LITR.FE.ZS,Timor-Leste,TMP,59.5065803527832
"Literacy rate, adult female (% of females ages 15 and above)",SE.ADT.LITR.FE.ZS,Togo,TGO,55.3026809692383
"Literacy rate, adult female (% of females ages 15 and above)",SE.ADT.LITR.FE.ZS,Tonga,TON,99.4452285766602
"Literacy rate, adult female (% of females ages 15 and above)",SE.ADT.LITR.FE.ZS,Trinidad and Tobago,TTO,98.7023315429688
"Literacy rate, adult female (% of females ages 15 and above)",SE.ADT.LITR.FE.ZS,Tunisia,TUN,72.8023223876953
"Literacy rate, adult female (% of females ages 15 and above)",SE.ADT.LITR.FE.ZS,Turkey,TUR,92.9012222290039
"Literacy rate, adult female (% of females ages 15 and above)",SE.ADT.LITR.FE.ZS,Turkmenistan,TKM,99.6298675537109
"Literacy rate, adult female (% of females ages 15 and above)",SE.ADT.LITR.FE.ZS,Turks and Caicos Islands,TCA,..
"Literacy rate, adult female (% of females ages 15 and above)",SE.ADT.LITR.FE.ZS,Tuvalu,TUV,..
"Literacy rate, adult female (% of females ages 15 and above)",SE.ADT.LITR.FE.ZS,Uganda,UGA,66.784797668457
"Literacy rate, adult female (% of females ages 15 and above)",SE.ADT.LITR.FE.ZS,Ukraine,UKR,99.7397079467773
"Literacy rate, adult female (% of females ages 15 and above)",SE.ADT.LITR.FE.ZS,United Arab Emirates,ARE,95.0763397216797
"Literacy rate, adult female (% of females ages 15 and above)",SE.ADT.LITR.FE.ZS,United Kingdom,GBR,..
"Literacy rate, adult female (% of females ages 15 and above)",SE.ADT.LITR.FE.ZS,United States,USA,..
"Literacy rate, adult female (% of females ages 15 and above)",SE.ADT.LITR.FE.ZS,Uruguay,URY,98.8039093017578
"Literacy rate, adult female (% of females ages 15 and above)",SE.ADT.LITR.FE.ZS,Uzbekistan,UZB,99.9958267211914
"Literacy rate, adult female (% of females ages 15 and above)",SE.ADT.LITR.FE.ZS,Vanuatu,VUT,83.6761779785156
"Literacy rate, adult female (% of females ages 15 and above)",SE.ADT.LITR.FE.ZS,"Venezuela, RB",VEN,95.7081832885742
"Literacy rate, adult female (% of females ages 15 and above)",SE.ADT.LITR.FE.ZS,Vietnam,VNM,92.8436584472656
"Literacy rate, adult female (% of females ages 15 and above)",SE.ADT.LITR.FE.ZS,Virgin Islands (U.S.),VIR,..
"Literacy rate, adult female (% of females ages 15 and above)",SE.ADT.LITR.FE.ZS,West Bank and Gaza,WBG,94.8076705932617
"Literacy rate, adult female (% of females ages 15 and above)",SE.ADT.LITR.FE.ZS,"Yemen, Rep.",YEM,54.8506317138672
"Literacy rate, adult female (% of females ages 15 and above)",SE.ADT.LITR.FE.ZS,Zambia,ZMB,80.5669708251953
"Literacy rate, adult female (% of females ages 15 and above)",SE.ADT.LITR.FE.ZS,Zimbabwe,ZWE,85.2851333618164
,,,,
,,,,
,,,,
Data from database: World Development Indicators,,,,
Last Updated: 11/17/2016,,,,
