Series Name,Series Code,Country Name,Country Code,2015 [YR2015]
GDP growth (annual %),NY.GDP.MKTP.KD.ZG,India,IND,7.57013036787396
GDP growth (annual %),NY.GDP.MKTP.KD.ZG,Bangladesh,BGD,6.55263331602802
GDP growth (annual %),NY.GDP.MKTP.KD.ZG,Pakistan,PAK,5.53810056237647
GDP growth (annual %),NY.GDP.MKTP.KD.ZG,Mexico,MEX,2.54686997094976
GDP growth (annual %),NY.GDP.MKTP.KD.ZG,Vietnam,VNM,6.67928878891431
GDP growth (annual %),NY.GDP.MKTP.KD.ZG,Peru,PER,3.2568998598711
GDP growth (annual %),NY.GDP.MKTP.KD.ZG,Colombia,COL,3.0819280333819
GDP growth (annual %),NY.GDP.MKTP.KD.ZG,Philippines,PHL,5.80572866285858
GDP growth (annual %),NY.GDP.MKTP.KD.ZG,Nepal,NPL,3.36295318337802
GDP growth (annual %),NY.GDP.MKTP.KD.ZG,Brazil,BRA,-3.84736249471105
GDP growth (annual %),NY.GDP.MKTP.KD.ZG,Cambodia,KHM,7.03608717936477
GDP growth (annual %),NY.GDP.MKTP.KD.ZG,Ecuador,ECU,0.290361072781906
GDP growth (annual %),NY.GDP.MKTP.KD.ZG,Bolivia,BOL,3.96172807160788
GDP growth (annual %),NY.GDP.MKTP.KD.ZG,Ethiopia,ETH,9.60751800101079
GDP growth (annual %),NY.GDP.MKTP.KD.ZG,Paraguay,PRY,3.01474650923549
GDP growth (annual %),NY.GDP.MKTP.KD.ZG,Nigeria,NGA,2.65269362304348
GDP growth (annual %),NY.GDP.MKTP.KD.ZG,Indonesia,IDN,4.7939213038221
GDP growth (annual %),NY.GDP.MKTP.KD.ZG,Sri Lanka,LKA,4.78598456723587
GDP growth (annual %),NY.GDP.MKTP.KD.ZG,Afghanistan,AFG,1.51991126448578
GDP growth (annual %),NY.GDP.MKTP.KD.ZG,Myanmar,MMR,6.99127097835952
GDP growth (annual %),NY.GDP.MKTP.KD.ZG,Dominican Republic,DOM,6.95331362092455
GDP growth (annual %),NY.GDP.MKTP.KD.ZG,China,CHN,6.90000000000018
GDP growth (annual %),NY.GDP.MKTP.KD.ZG,Bhutan,BTN,3.25425473889356
GDP growth (annual %),NY.GDP.MKTP.KD.ZG,Guatemala,GTM,4.14878447478388
GDP growth (annual %),NY.GDP.MKTP.KD.ZG,Nicaragua,NIC,4.928954391584
GDP growth (annual %),NY.GDP.MKTP.KD.ZG,Chile,CHL,2.06614051943535
GDP growth (annual %),NY.GDP.MKTP.KD.ZG,Kenya,KEN,5.64919707770292
GDP growth (annual %),NY.GDP.MKTP.KD.ZG,Honduras,HND,3.635262488484
GDP growth (annual %),NY.GDP.MKTP.KD.ZG,Benin,BEN,5.24044710163763
GDP growth (annual %),NY.GDP.MKTP.KD.ZG,Azerbaijan,AZE,1.09999999999999
GDP growth (annual %),NY.GDP.MKTP.KD.ZG,Ghana,GHA,3.88270446873706
GDP growth (annual %),NY.GDP.MKTP.KD.ZG,El Salvador,SLV,2.45506222153942
GDP growth (annual %),NY.GDP.MKTP.KD.ZG,Uganda,UGA,5.04298098022802
GDP growth (annual %),NY.GDP.MKTP.KD.ZG,Tanzania,TZA,6.96787163423413
GDP growth (annual %),NY.GDP.MKTP.KD.ZG,Haiti,HTI,1.65166137703218
GDP growth (annual %),NY.GDP.MKTP.KD.ZG,Togo,TGO,5.47526898534858
GDP growth (annual %),NY.GDP.MKTP.KD.ZG,Senegal,SEN,6.48519475351929
GDP growth (annual %),NY.GDP.MKTP.KD.ZG,"Congo, Dem. Rep.",ZAR,6.91618781038289
GDP growth (annual %),NY.GDP.MKTP.KD.ZG,Madagascar,MDG,3.01656888622577
GDP growth (annual %),NY.GDP.MKTP.KD.ZG,Mongolia,MNG,2.29544361018836
GDP growth (annual %),NY.GDP.MKTP.KD.ZG,Niger,NER,3.60530160522534
GDP growth (annual %),NY.GDP.MKTP.KD.ZG,Morocco,MAR,4.40000000000001
GDP growth (annual %),NY.GDP.MKTP.KD.ZG,Cameroon,CMR,6.23918824565037
GDP growth (annual %),NY.GDP.MKTP.KD.ZG,Burkina Faso,BFA,3.97954206700175
GDP growth (annual %),NY.GDP.MKTP.KD.ZG,Kyrgyz Republic,KGZ,3.46928079781574
GDP growth (annual %),NY.GDP.MKTP.KD.ZG,"Egypt, Arab Rep.",EGY,4.2
GDP growth (annual %),NY.GDP.MKTP.KD.ZG,Armenia,ARM,3.00000000125773
GDP growth (annual %),NY.GDP.MKTP.KD.ZG,Rwanda,RWA,6.90420311499894
GDP (current US$),NY.GDP.MKTP.CD,India,IND,2073542978208.77
GDP (current US$),NY.GDP.MKTP.CD,Bangladesh,BGD,195078665827.565
GDP (current US$),NY.GDP.MKTP.CD,Pakistan,PAK,269971498118.442
GDP (current US$),NY.GDP.MKTP.CD,Mexico,MEX,1144331343172.45
GDP (current US$),NY.GDP.MKTP.CD,Vietnam,VNM,193599379094.859
GDP (current US$),NY.GDP.MKTP.CD,Peru,PER,192083721355.064
GDP (current US$),NY.GDP.MKTP.CD,Colombia,COL,292080155633.31
GDP (current US$),NY.GDP.MKTP.CD,Philippines,PHL,291965336390.95
GDP (current US$),NY.GDP.MKTP.CD,Nepal,NPL,20880545907.4264
GDP (current US$),NY.GDP.MKTP.CD,Brazil,BRA,1774724818900.48
GDP (current US$),NY.GDP.MKTP.CD,Cambodia,KHM,18049954289.4301
GDP (current US$),NY.GDP.MKTP.CD,Ecuador,ECU,100871770000
GDP (current US$),NY.GDP.MKTP.CD,Bolivia,BOL,33196819571.6353
GDP (current US$),NY.GDP.MKTP.CD,Ethiopia,ETH,61537143095.3874
GDP (current US$),NY.GDP.MKTP.CD,Paraguay,PRY,27622778722.3986
GDP (current US$),NY.GDP.MKTP.CD,Nigeria,NGA,481066152870.266
GDP (current US$),NY.GDP.MKTP.CD,Indonesia,IDN,861933968740.332
GDP (current US$),NY.GDP.MKTP.CD,Sri Lanka,LKA,82316172384.325
GDP (current US$),NY.GDP.MKTP.CD,Afghanistan,AFG,19199437988.8023
GDP (current US$),NY.GDP.MKTP.CD,Myanmar,MMR,64865515159.2277
GDP (current US$),NY.GDP.MKTP.CD,Dominican Republic,DOM,67103263863.3943
GDP (current US$),NY.GDP.MKTP.CD,China,CHN,10866443998394.2
GDP (current US$),NY.GDP.MKTP.CD,Bhutan,BTN,1962221695.69413
GDP (current US$),NY.GDP.MKTP.CD,Guatemala,GTM,63794348774.6251
GDP (current US$),NY.GDP.MKTP.CD,Nicaragua,NIC,12692562187.4933
GDP (current US$),NY.GDP.MKTP.CD,Chile,CHL,240215707927.037
GDP (current US$),NY.GDP.MKTP.CD,Kenya,KEN,63398041540.367
GDP (current US$),NY.GDP.MKTP.CD,Honduras,HND,20152043003.4425
GDP (current US$),NY.GDP.MKTP.CD,Benin,BEN,8476125180.59445
GDP (current US$),NY.GDP.MKTP.CD,Azerbaijan,AZE,53047140347.4527
GDP (current US$),NY.GDP.MKTP.CD,Ghana,GHA,37864368219.9169
GDP (current US$),NY.GDP.MKTP.CD,El Salvador,SLV,25850200000
GDP (current US$),NY.GDP.MKTP.CD,Uganda,UGA,26369242278.1637
GDP (current US$),NY.GDP.MKTP.CD,Tanzania,TZA,44895392076.5118
GDP (current US$),NY.GDP.MKTP.CD,Haiti,HTI,8877465911.26736
GDP (current US$),NY.GDP.MKTP.CD,Togo,TGO,4002723816.65721
GDP (current US$),NY.GDP.MKTP.CD,Senegal,SEN,13779570705.7552
GDP (current US$),NY.GDP.MKTP.CD,"Congo, Dem. Rep.",ZAR,35237742278.1367
GDP (current US$),NY.GDP.MKTP.CD,Madagascar,MDG,9980522718.48012
GDP (current US$),NY.GDP.MKTP.CD,Mongolia,MNG,11757940908.6277
GDP (current US$),NY.GDP.MKTP.CD,Niger,NER,7142951342.4223
GDP (current US$),NY.GDP.MKTP.CD,Morocco,MAR,100359546357.65
GDP (current US$),NY.GDP.MKTP.CD,Cameroon,CMR,29198372811.2037
GDP (current US$),NY.GDP.MKTP.CD,Burkina Faso,BFA,11099473096.8345
GDP (current US$),NY.GDP.MKTP.CD,Kyrgyz Republic,KGZ,6571853849.00585
GDP (current US$),NY.GDP.MKTP.CD,"Egypt, Arab Rep.",EGY,330778550716.746
GDP (current US$),NY.GDP.MKTP.CD,Armenia,ARM,10561401185.098
GDP (current US$),NY.GDP.MKTP.CD,Rwanda,RWA,8095980013.73418
GDP per capita (current US$),NY.GDP.PCAP.CD,India,IND,1581.58891324619
GDP per capita (current US$),NY.GDP.PCAP.CD,Bangladesh,BGD,1211.70153057661
GDP per capita (current US$),NY.GDP.PCAP.CD,Pakistan,PAK,1428.98863660717
GDP per capita (current US$),NY.GDP.PCAP.CD,Mexico,MEX,9009.2611626629
GDP per capita (current US$),NY.GDP.PCAP.CD,Vietnam,VNM,2111.13802366815
GDP per capita (current US$),NY.GDP.PCAP.CD,Peru,PER,6121.86447303249
GDP per capita (current US$),NY.GDP.PCAP.CD,Colombia,COL,6056.14771720405
GDP per capita (current US$),NY.GDP.PCAP.CD,Philippines,PHL,2899.37527818265
GDP per capita (current US$),NY.GDP.PCAP.CD,Nepal,NPL,732.298716316243
GDP per capita (current US$),NY.GDP.PCAP.CD,Brazil,BRA,8538.5899749574
GDP per capita (current US$),NY.GDP.PCAP.CD,Cambodia,KHM,1158.68990352486
GDP per capita (current US$),NY.GDP.PCAP.CD,Ecuador,ECU,6248.11087312643
GDP per capita (current US$),NY.GDP.PCAP.CD,Bolivia,BOL,3095.3596925636
GDP per capita (current US$),NY.GDP.PCAP.CD,Ethiopia,ETH,619.143563112135
GDP per capita (current US$),NY.GDP.PCAP.CD,Paraguay,PRY,4160.60656240269
GDP per capita (current US$),NY.GDP.PCAP.CD,Nigeria,NGA,2640.2907388575
GDP per capita (current US$),NY.GDP.PCAP.CD,Indonesia,IDN,3346.48703949478
GDP per capita (current US$),NY.GDP.PCAP.CD,Sri Lanka,LKA,3926.17439589454
GDP per capita (current US$),NY.GDP.PCAP.CD,Afghanistan,AFG,590.269515382605
GDP per capita (current US$),NY.GDP.PCAP.CD,Myanmar,MMR,1203.50538655951
GDP per capita (current US$),NY.GDP.PCAP.CD,Dominican Republic,DOM,6373.55355280729
GDP per capita (current US$),NY.GDP.PCAP.CD,China,CHN,7924.65395661835
GDP per capita (current US$),NY.GDP.PCAP.CD,Bhutan,BTN,2532.45446832741
GDP per capita (current US$),NY.GDP.PCAP.CD,Guatemala,GTM,3903.49084220656
GDP per capita (current US$),NY.GDP.PCAP.CD,Nicaragua,NIC,2086.89500277099
GDP per capita (current US$),NY.GDP.PCAP.CD,Chile,CHL,13383.8767996662
GDP per capita (current US$),NY.GDP.PCAP.CD,Kenya,KEN,1376.71282894881
GDP per capita (current US$),NY.GDP.PCAP.CD,Honduras,HND,2495.59049758671
GDP per capita (current US$),NY.GDP.PCAP.CD,Benin,BEN,779.067867757338
GDP per capita (current US$),NY.GDP.PCAP.CD,Azerbaijan,AZE,5496.34464026248
GDP per capita (current US$),NY.GDP.PCAP.CD,Ghana,GHA,1381.41247833098
GDP per capita (current US$),NY.GDP.PCAP.CD,El Salvador,SLV,4219.35032953932
GDP per capita (current US$),NY.GDP.PCAP.CD,Uganda,UGA,675.573466220693
GDP per capita (current US$),NY.GDP.PCAP.CD,Tanzania,TZA,864.857502346707
GDP per capita (current US$),NY.GDP.PCAP.CD,Haiti,HTI,828.812471368852
GDP per capita (current US$),NY.GDP.PCAP.CD,Togo,TGO,547.974683363941
GDP per capita (current US$),NY.GDP.PCAP.CD,Senegal,SEN,910.788687979603
GDP per capita (current US$),NY.GDP.PCAP.CD,"Congo, Dem. Rep.",ZAR,456.052740548312
GDP per capita (current US$),NY.GDP.PCAP.CD,Madagascar,MDG,411.816055713571
GDP per capita (current US$),NY.GDP.PCAP.CD,Mongolia,MNG,3973.43983362286
GDP per capita (current US$),NY.GDP.PCAP.CD,Niger,NER,358.958152040005
GDP per capita (current US$),NY.GDP.PCAP.CD,Morocco,MAR,2871.51358828203
GDP per capita (current US$),NY.GDP.PCAP.CD,Cameroon,CMR,1250.77745553629
GDP per capita (current US$),NY.GDP.PCAP.CD,Burkina Faso,BFA,613.04190350453
GDP per capita (current US$),NY.GDP.PCAP.CD,Kyrgyz Republic,KGZ,1103.2153515202
GDP per capita (current US$),NY.GDP.PCAP.CD,"Egypt, Arab Rep.",EGY,3614.74676616271
GDP per capita (current US$),NY.GDP.PCAP.CD,Armenia,ARM,3499.80421759862
GDP per capita (current US$),NY.GDP.PCAP.CD,Rwanda,RWA,697.34822808289
"GNI per capita, Atlas method (current US$)",NY.GNP.PCAP.CD,India,IND,1590
"GNI per capita, Atlas method (current US$)",NY.GNP.PCAP.CD,Bangladesh,BGD,1190
"GNI per capita, Atlas method (current US$)",NY.GNP.PCAP.CD,Pakistan,PAK,1440
"GNI per capita, Atlas method (current US$)",NY.GNP.PCAP.CD,Mexico,MEX,9710
"GNI per capita, Atlas method (current US$)",NY.GNP.PCAP.CD,Vietnam,VNM,1980
"GNI per capita, Atlas method (current US$)",NY.GNP.PCAP.CD,Peru,PER,6200
"GNI per capita, Atlas method (current US$)",NY.GNP.PCAP.CD,Colombia,COL,7130
"GNI per capita, Atlas method (current US$)",NY.GNP.PCAP.CD,Philippines,PHL,3540
"GNI per capita, Atlas method (current US$)",NY.GNP.PCAP.CD,Nepal,NPL,730
"GNI per capita, Atlas method (current US$)",NY.GNP.PCAP.CD,Brazil,BRA,9850
"GNI per capita, Atlas method (current US$)",NY.GNP.PCAP.CD,Cambodia,KHM,1070
"GNI per capita, Atlas method (current US$)",NY.GNP.PCAP.CD,Ecuador,ECU,6010
"GNI per capita, Atlas method (current US$)",NY.GNP.PCAP.CD,Bolivia,BOL,3080
"GNI per capita, Atlas method (current US$)",NY.GNP.PCAP.CD,Ethiopia,ETH,590
"GNI per capita, Atlas method (current US$)",NY.GNP.PCAP.CD,Paraguay,PRY,4220
"GNI per capita, Atlas method (current US$)",NY.GNP.PCAP.CD,Nigeria,NGA,2820
"GNI per capita, Atlas method (current US$)",NY.GNP.PCAP.CD,Indonesia,IDN,3440
"GNI per capita, Atlas method (current US$)",NY.GNP.PCAP.CD,Sri Lanka,LKA,3800
"GNI per capita, Atlas method (current US$)",NY.GNP.PCAP.CD,Afghanistan,AFG,630
"GNI per capita, Atlas method (current US$)",NY.GNP.PCAP.CD,Myanmar,MMR,..
"GNI per capita, Atlas method (current US$)",NY.GNP.PCAP.CD,Dominican Republic,DOM,6130
"GNI per capita, Atlas method (current US$)",NY.GNP.PCAP.CD,China,CHN,7820
"GNI per capita, Atlas method (current US$)",NY.GNP.PCAP.CD,Bhutan,BTN,2370
"GNI per capita, Atlas method (current US$)",NY.GNP.PCAP.CD,Guatemala,GTM,3590
"GNI per capita, Atlas method (current US$)",NY.GNP.PCAP.CD,Nicaragua,NIC,1940
"GNI per capita, Atlas method (current US$)",NY.GNP.PCAP.CD,Chile,CHL,14060
"GNI per capita, Atlas method (current US$)",NY.GNP.PCAP.CD,Kenya,KEN,1340
"GNI per capita, Atlas method (current US$)",NY.GNP.PCAP.CD,Honduras,HND,2270
"GNI per capita, Atlas method (current US$)",NY.GNP.PCAP.CD,Benin,BEN,860
"GNI per capita, Atlas method (current US$)",NY.GNP.PCAP.CD,Azerbaijan,AZE,6560
"GNI per capita, Atlas method (current US$)",NY.GNP.PCAP.CD,Ghana,GHA,1480
"GNI per capita, Atlas method (current US$)",NY.GNP.PCAP.CD,El Salvador,SLV,3940
"GNI per capita, Atlas method (current US$)",NY.GNP.PCAP.CD,Uganda,UGA,670
"GNI per capita, Atlas method (current US$)",NY.GNP.PCAP.CD,Tanzania,TZA,910
"GNI per capita, Atlas method (current US$)",NY.GNP.PCAP.CD,Haiti,HTI,820
"GNI per capita, Atlas method (current US$)",NY.GNP.PCAP.CD,Togo,TGO,540
"GNI per capita, Atlas method (current US$)",NY.GNP.PCAP.CD,Senegal,SEN,1000
"GNI per capita, Atlas method (current US$)",NY.GNP.PCAP.CD,"Congo, Dem. Rep.",ZAR,410
"GNI per capita, Atlas method (current US$)",NY.GNP.PCAP.CD,Madagascar,MDG,420
"GNI per capita, Atlas method (current US$)",NY.GNP.PCAP.CD,Mongolia,MNG,3830
"GNI per capita, Atlas method (current US$)",NY.GNP.PCAP.CD,Niger,NER,390
"GNI per capita, Atlas method (current US$)",NY.GNP.PCAP.CD,Morocco,MAR,3040
"GNI per capita, Atlas method (current US$)",NY.GNP.PCAP.CD,Cameroon,CMR,1330
"GNI per capita, Atlas method (current US$)",NY.GNP.PCAP.CD,Burkina Faso,BFA,660
"GNI per capita, Atlas method (current US$)",NY.GNP.PCAP.CD,Kyrgyz Republic,KGZ,1170
"GNI per capita, Atlas method (current US$)",NY.GNP.PCAP.CD,"Egypt, Arab Rep.",EGY,3340
"GNI per capita, Atlas method (current US$)",NY.GNP.PCAP.CD,Armenia,ARM,3880
"GNI per capita, Atlas method (current US$)",NY.GNP.PCAP.CD,Rwanda,RWA,700
"Foreign direct investment, net (BoP, current US$)",BN.KLT.DINV.CD,India,IND,..
"Foreign direct investment, net (BoP, current US$)",BN.KLT.DINV.CD,Bangladesh,BGD,-3330472365.74963
"Foreign direct investment, net (BoP, current US$)",BN.KLT.DINV.CD,Pakistan,PAK,-956000000
"Foreign direct investment, net (BoP, current US$)",BN.KLT.DINV.CD,Mexico,MEX,-18158447032.551
"Foreign direct investment, net (BoP, current US$)",BN.KLT.DINV.CD,Vietnam,VNM,-10700000000
"Foreign direct investment, net (BoP, current US$)",BN.KLT.DINV.CD,Peru,PER,-6734433651.18372
"Foreign direct investment, net (BoP, current US$)",BN.KLT.DINV.CD,Colombia,COL,-7724264828.3105
"Foreign direct investment, net (BoP, current US$)",BN.KLT.DINV.CD,Philippines,PHL,-122280020.975957
"Foreign direct investment, net (BoP, current US$)",BN.KLT.DINV.CD,Nepal,NPL,-18630735.9721792
"Foreign direct investment, net (BoP, current US$)",BN.KLT.DINV.CD,Brazil,BRA,-61576211014.97
"Foreign direct investment, net (BoP, current US$)",BN.KLT.DINV.CD,Cambodia,KHM,..
"Foreign direct investment, net (BoP, current US$)",BN.KLT.DINV.CD,Ecuador,ECU,-1060063337.30748
"Foreign direct investment, net (BoP, current US$)",BN.KLT.DINV.CD,Bolivia,BOL,..
"Foreign direct investment, net (BoP, current US$)",BN.KLT.DINV.CD,Ethiopia,ETH,..
"Foreign direct investment, net (BoP, current US$)",BN.KLT.DINV.CD,Paraguay,PRY,-258601500
"Foreign direct investment, net (BoP, current US$)",BN.KLT.DINV.CD,Nigeria,NGA,..
"Foreign direct investment, net (BoP, current US$)",BN.KLT.DINV.CD,Indonesia,IDN,..
"Foreign direct investment, net (BoP, current US$)",BN.KLT.DINV.CD,Sri Lanka,LKA,-627976968.475784
"Foreign direct investment, net (BoP, current US$)",BN.KLT.DINV.CD,Afghanistan,AFG,-169086610
"Foreign direct investment, net (BoP, current US$)",BN.KLT.DINV.CD,Myanmar,MMR,-3137278576.70162
"Foreign direct investment, net (BoP, current US$)",BN.KLT.DINV.CD,Dominican Republic,DOM,-2221500000
"Foreign direct investment, net (BoP, current US$)",BN.KLT.DINV.CD,China,CHN,-62058344182.5921
"Foreign direct investment, net (BoP, current US$)",BN.KLT.DINV.CD,Bhutan,BTN,-33638273.4186871
"Foreign direct investment, net (BoP, current US$)",BN.KLT.DINV.CD,Guatemala,GTM,-1115700000
"Foreign direct investment, net (BoP, current US$)",BN.KLT.DINV.CD,Nicaragua,NIC,-784500000
"Foreign direct investment, net (BoP, current US$)",BN.KLT.DINV.CD,Chile,CHL,-4663320643.02591
"Foreign direct investment, net (BoP, current US$)",BN.KLT.DINV.CD,Kenya,KEN,..
"Foreign direct investment, net (BoP, current US$)",BN.KLT.DINV.CD,Honduras,HND,-1112837754.35872
"Foreign direct investment, net (BoP, current US$)",BN.KLT.DINV.CD,Benin,BEN,..
"Foreign direct investment, net (BoP, current US$)",BN.KLT.DINV.CD,Azerbaijan,AZE,-838252000
"Foreign direct investment, net (BoP, current US$)",BN.KLT.DINV.CD,Ghana,GHA,-2970893676.55992
"Foreign direct investment, net (BoP, current US$)",BN.KLT.DINV.CD,El Salvador,SLV,-428808703.173784
"Foreign direct investment, net (BoP, current US$)",BN.KLT.DINV.CD,Uganda,UGA,-1057015691.15666
"Foreign direct investment, net (BoP, current US$)",BN.KLT.DINV.CD,Tanzania,TZA,-1960581620.32199
"Foreign direct investment, net (BoP, current US$)",BN.KLT.DINV.CD,Haiti,HTI,-109430000
"Foreign direct investment, net (BoP, current US$)",BN.KLT.DINV.CD,Togo,TGO,..
"Foreign direct investment, net (BoP, current US$)",BN.KLT.DINV.CD,Senegal,SEN,..
"Foreign direct investment, net (BoP, current US$)",BN.KLT.DINV.CD,"Congo, Dem. Rep.",ZAR,-1165720010.30768
"Foreign direct investment, net (BoP, current US$)",BN.KLT.DINV.CD,Madagascar,MDG,..
"Foreign direct investment, net (BoP, current US$)",BN.KLT.DINV.CD,Mongolia,MNG,-183777109.130906
"Foreign direct investment, net (BoP, current US$)",BN.KLT.DINV.CD,Niger,NER,..
"Foreign direct investment, net (BoP, current US$)",BN.KLT.DINV.CD,Morocco,MAR,-2507734230.27933
"Foreign direct investment, net (BoP, current US$)",BN.KLT.DINV.CD,Cameroon,CMR,..
"Foreign direct investment, net (BoP, current US$)",BN.KLT.DINV.CD,Burkina Faso,BFA,..
"Foreign direct investment, net (BoP, current US$)",BN.KLT.DINV.CD,Kyrgyz Republic,KGZ,-707451800
"Foreign direct investment, net (BoP, current US$)",BN.KLT.DINV.CD,"Egypt, Arab Rep.",EGY,..
"Foreign direct investment, net (BoP, current US$)",BN.KLT.DINV.CD,Armenia,ARM,-167714144.110139
"Foreign direct investment, net (BoP, current US$)",BN.KLT.DINV.CD,Rwanda,RWA,-319837351.344482
"GNI per capita, PPP (current international $)",NY.GNP.PCAP.PP.CD,India,IND,6020
"GNI per capita, PPP (current international $)",NY.GNP.PCAP.PP.CD,Bangladesh,BGD,3550
"GNI per capita, PPP (current international $)",NY.GNP.PCAP.PP.CD,Pakistan,PAK,5350
"GNI per capita, PPP (current international $)",NY.GNP.PCAP.PP.CD,Mexico,MEX,17150
"GNI per capita, PPP (current international $)",NY.GNP.PCAP.PP.CD,Vietnam,VNM,5690
"GNI per capita, PPP (current international $)",NY.GNP.PCAP.PP.CD,Peru,PER,11960
"GNI per capita, PPP (current international $)",NY.GNP.PCAP.PP.CD,Colombia,COL,13520
"GNI per capita, PPP (current international $)",NY.GNP.PCAP.PP.CD,Philippines,PHL,8900
"GNI per capita, PPP (current international $)",NY.GNP.PCAP.PP.CD,Nepal,NPL,2500
"GNI per capita, PPP (current international $)",NY.GNP.PCAP.PP.CD,Brazil,BRA,15020
"GNI per capita, PPP (current international $)",NY.GNP.PCAP.PP.CD,Cambodia,KHM,3290
"GNI per capita, PPP (current international $)",NY.GNP.PCAP.PP.CD,Ecuador,ECU,11190
"GNI per capita, PPP (current international $)",NY.GNP.PCAP.PP.CD,Bolivia,BOL,6840
"GNI per capita, PPP (current international $)",NY.GNP.PCAP.PP.CD,Ethiopia,ETH,1620
"GNI per capita, PPP (current international $)",NY.GNP.PCAP.PP.CD,Paraguay,PRY,8670
"GNI per capita, PPP (current international $)",NY.GNP.PCAP.PP.CD,Nigeria,NGA,5800
"GNI per capita, PPP (current international $)",NY.GNP.PCAP.PP.CD,Indonesia,IDN,10680
"GNI per capita, PPP (current international $)",NY.GNP.PCAP.PP.CD,Sri Lanka,LKA,11480
"GNI per capita, PPP (current international $)",NY.GNP.PCAP.PP.CD,Afghanistan,AFG,1990
"GNI per capita, PPP (current international $)",NY.GNP.PCAP.PP.CD,Myanmar,MMR,..
"GNI per capita, PPP (current international $)",NY.GNP.PCAP.PP.CD,Dominican Republic,DOM,13570
"GNI per capita, PPP (current international $)",NY.GNP.PCAP.PP.CD,China,CHN,14160
"GNI per capita, PPP (current international $)",NY.GNP.PCAP.PP.CD,Bhutan,BTN,7610
"GNI per capita, PPP (current international $)",NY.GNP.PCAP.PP.CD,Guatemala,GTM,7510
"GNI per capita, PPP (current international $)",NY.GNP.PCAP.PP.CD,Nicaragua,NIC,5050
"GNI per capita, PPP (current international $)",NY.GNP.PCAP.PP.CD,Chile,CHL,21740
"GNI per capita, PPP (current international $)",NY.GNP.PCAP.PP.CD,Kenya,KEN,3060
"GNI per capita, PPP (current international $)",NY.GNP.PCAP.PP.CD,Honduras,HND,4740
"GNI per capita, PPP (current international $)",NY.GNP.PCAP.PP.CD,Benin,BEN,2100
"GNI per capita, PPP (current international $)",NY.GNP.PCAP.PP.CD,Azerbaijan,AZE,17140
"GNI per capita, PPP (current international $)",NY.GNP.PCAP.PP.CD,Ghana,GHA,4070
"GNI per capita, PPP (current international $)",NY.GNP.PCAP.PP.CD,El Salvador,SLV,8220
"GNI per capita, PPP (current international $)",NY.GNP.PCAP.PP.CD,Uganda,UGA,1780
"GNI per capita, PPP (current international $)",NY.GNP.PCAP.PP.CD,Tanzania,TZA,2620
"GNI per capita, PPP (current international $)",NY.GNP.PCAP.PP.CD,Haiti,HTI,1760
"GNI per capita, PPP (current international $)",NY.GNP.PCAP.PP.CD,Togo,TGO,1320
"GNI per capita, PPP (current international $)",NY.GNP.PCAP.PP.CD,Senegal,SEN,2390
"GNI per capita, PPP (current international $)",NY.GNP.PCAP.PP.CD,"Congo, Dem. Rep.",ZAR,720
"GNI per capita, PPP (current international $)",NY.GNP.PCAP.PP.CD,Madagascar,MDG,1400
"GNI per capita, PPP (current international $)",NY.GNP.PCAP.PP.CD,Mongolia,MNG,11070
"GNI per capita, PPP (current international $)",NY.GNP.PCAP.PP.CD,Niger,NER,950
"GNI per capita, PPP (current international $)",NY.GNP.PCAP.PP.CD,Morocco,MAR,7680
"GNI per capita, PPP (current international $)",NY.GNP.PCAP.PP.CD,Cameroon,CMR,3080
"GNI per capita, PPP (current international $)",NY.GNP.PCAP.PP.CD,Burkina Faso,BFA,1640
"GNI per capita, PPP (current international $)",NY.GNP.PCAP.PP.CD,Kyrgyz Republic,KGZ,3300
"GNI per capita, PPP (current international $)",NY.GNP.PCAP.PP.CD,"Egypt, Arab Rep.",EGY,10690
"GNI per capita, PPP (current international $)",NY.GNP.PCAP.PP.CD,Armenia,ARM,8720
"GNI per capita, PPP (current international $)",NY.GNP.PCAP.PP.CD,Rwanda,RWA,1720
GINI index (World Bank estimate),SI.POV.GINI,India,IND,..
GINI index (World Bank estimate),SI.POV.GINI,Bangladesh,BGD,..
GINI index (World Bank estimate),SI.POV.GINI,Pakistan,PAK,..
GINI index (World Bank estimate),SI.POV.GINI,Mexico,MEX,..
GINI index (World Bank estimate),SI.POV.GINI,Vietnam,VNM,..
GINI index (World Bank estimate),SI.POV.GINI,Peru,PER,..
GINI index (World Bank estimate),SI.POV.GINI,Colombia,COL,..
GINI index (World Bank estimate),SI.POV.GINI,Philippines,PHL,..
GINI index (World Bank estimate),SI.POV.GINI,Nepal,NPL,..
GINI index (World Bank estimate),SI.POV.GINI,Brazil,BRA,..
GINI index (World Bank estimate),SI.POV.GINI,Cambodia,KHM,..
GINI index (World Bank estimate),SI.POV.GINI,Ecuador,ECU,..
GINI index (World Bank estimate),SI.POV.GINI,Bolivia,BOL,..
GINI index (World Bank estimate),SI.POV.GINI,Ethiopia,ETH,..
GINI index (World Bank estimate),SI.POV.GINI,Paraguay,PRY,..
GINI index (World Bank estimate),SI.POV.GINI,Nigeria,NGA,..
GINI index (World Bank estimate),SI.POV.GINI,Indonesia,IDN,..
GINI index (World Bank estimate),SI.POV.GINI,Sri Lanka,LKA,..
GINI index (World Bank estimate),SI.POV.GINI,Afghanistan,AFG,..
GINI index (World Bank estimate),SI.POV.GINI,Myanmar,MMR,..
GINI index (World Bank estimate),SI.POV.GINI,Dominican Republic,DOM,..
GINI index (World Bank estimate),SI.POV.GINI,China,CHN,..
GINI index (World Bank estimate),SI.POV.GINI,Bhutan,BTN,..
GINI index (World Bank estimate),SI.POV.GINI,Guatemala,GTM,..
GINI index (World Bank estimate),SI.POV.GINI,Nicaragua,NIC,..
GINI index (World Bank estimate),SI.POV.GINI,Chile,CHL,..
GINI index (World Bank estimate),SI.POV.GINI,Kenya,KEN,..
GINI index (World Bank estimate),SI.POV.GINI,Honduras,HND,..
GINI index (World Bank estimate),SI.POV.GINI,Benin,BEN,..
GINI index (World Bank estimate),SI.POV.GINI,Azerbaijan,AZE,..
GINI index (World Bank estimate),SI.POV.GINI,Ghana,GHA,..
GINI index (World Bank estimate),SI.POV.GINI,El Salvador,SLV,..
GINI index (World Bank estimate),SI.POV.GINI,Uganda,UGA,..
GINI index (World Bank estimate),SI.POV.GINI,Tanzania,TZA,..
GINI index (World Bank estimate),SI.POV.GINI,Haiti,HTI,..
GINI index (World Bank estimate),SI.POV.GINI,Togo,TGO,..
GINI index (World Bank estimate),SI.POV.GINI,Senegal,SEN,..
GINI index (World Bank estimate),SI.POV.GINI,"Congo, Dem. Rep.",ZAR,..
GINI index (World Bank estimate),SI.POV.GINI,Madagascar,MDG,..
GINI index (World Bank estimate),SI.POV.GINI,Mongolia,MNG,..
GINI index (World Bank estimate),SI.POV.GINI,Niger,NER,..
GINI index (World Bank estimate),SI.POV.GINI,Morocco,MAR,..
GINI index (World Bank estimate),SI.POV.GINI,Cameroon,CMR,..
GINI index (World Bank estimate),SI.POV.GINI,Burkina Faso,BFA,..
GINI index (World Bank estimate),SI.POV.GINI,Kyrgyz Republic,KGZ,..
GINI index (World Bank estimate),SI.POV.GINI,"Egypt, Arab Rep.",EGY,..
GINI index (World Bank estimate),SI.POV.GINI,Armenia,ARM,..
GINI index (World Bank estimate),SI.POV.GINI,Rwanda,RWA,..
"Inflation, consumer prices (annual %)",FP.CPI.TOTL.ZG,India,IND,5.87242659466756
"Inflation, consumer prices (annual %)",FP.CPI.TOTL.ZG,Bangladesh,BGD,6.19428022984989
"Inflation, consumer prices (annual %)",FP.CPI.TOTL.ZG,Pakistan,PAK,2.53951590878071
"Inflation, consumer prices (annual %)",FP.CPI.TOTL.ZG,Mexico,MEX,2.72064126256974
"Inflation, consumer prices (annual %)",FP.CPI.TOTL.ZG,Vietnam,VNM,0.630612105010638
"Inflation, consumer prices (annual %)",FP.CPI.TOTL.ZG,Peru,PER,3.55539624684232
"Inflation, consumer prices (annual %)",FP.CPI.TOTL.ZG,Colombia,COL,5.00503065682111
"Inflation, consumer prices (annual %)",FP.CPI.TOTL.ZG,Philippines,PHL,1.4336917562724
"Inflation, consumer prices (annual %)",FP.CPI.TOTL.ZG,Nepal,NPL,7.86890895712984
"Inflation, consumer prices (annual %)",FP.CPI.TOTL.ZG,Brazil,BRA,9.02723977356148
"Inflation, consumer prices (annual %)",FP.CPI.TOTL.ZG,Cambodia,KHM,1.22127006080708
"Inflation, consumer prices (annual %)",FP.CPI.TOTL.ZG,Ecuador,ECU,3.97021915945511
"Inflation, consumer prices (annual %)",FP.CPI.TOTL.ZG,Bolivia,BOL,4.06096372614453
"Inflation, consumer prices (annual %)",FP.CPI.TOTL.ZG,Ethiopia,ETH,10.1341146465293
"Inflation, consumer prices (annual %)",FP.CPI.TOTL.ZG,Paraguay,PRY,3.12900274473925
"Inflation, consumer prices (annual %)",FP.CPI.TOTL.ZG,Nigeria,NGA,9.01768379073281
"Inflation, consumer prices (annual %)",FP.CPI.TOTL.ZG,Indonesia,IDN,6.3631211311561
"Inflation, consumer prices (annual %)",FP.CPI.TOTL.ZG,Sri Lanka,LKA,0.922021961729502
"Inflation, consumer prices (annual %)",FP.CPI.TOTL.ZG,Afghanistan,AFG,-1.53384658328173
"Inflation, consumer prices (annual %)",FP.CPI.TOTL.ZG,Myanmar,MMR,10.8034328412084
"Inflation, consumer prices (annual %)",FP.CPI.TOTL.ZG,Dominican Republic,DOM,0.836746346724861
"Inflation, consumer prices (annual %)",FP.CPI.TOTL.ZG,China,CHN,1.44255538382248
"Inflation, consumer prices (annual %)",FP.CPI.TOTL.ZG,Bhutan,BTN,4.52170854328986
"Inflation, consumer prices (annual %)",FP.CPI.TOTL.ZG,Guatemala,GTM,2.38872032839519
"Inflation, consumer prices (annual %)",FP.CPI.TOTL.ZG,Nicaragua,NIC,3.99910182366839
"Inflation, consumer prices (annual %)",FP.CPI.TOTL.ZG,Chile,CHL,4.3488672829163
"Inflation, consumer prices (annual %)",FP.CPI.TOTL.ZG,Kenya,KEN,6.58241091651803
"Inflation, consumer prices (annual %)",FP.CPI.TOTL.ZG,Honduras,HND,3.15783117980931
"Inflation, consumer prices (annual %)",FP.CPI.TOTL.ZG,Benin,BEN,0.320398718405136
"Inflation, consumer prices (annual %)",FP.CPI.TOTL.ZG,Azerbaijan,AZE,4.17196572601029
"Inflation, consumer prices (annual %)",FP.CPI.TOTL.ZG,Ghana,GHA,17.145073700543
"Inflation, consumer prices (annual %)",FP.CPI.TOTL.ZG,El Salvador,SLV,-0.730633669656778
"Inflation, consumer prices (annual %)",FP.CPI.TOTL.ZG,Uganda,UGA,5.22542724048323
"Inflation, consumer prices (annual %)",FP.CPI.TOTL.ZG,Tanzania,TZA,5.58783736093623
"Inflation, consumer prices (annual %)",FP.CPI.TOTL.ZG,Haiti,HTI,9.01651881309272
"Inflation, consumer prices (annual %)",FP.CPI.TOTL.ZG,Togo,TGO,1.78986449943724
"Inflation, consumer prices (annual %)",FP.CPI.TOTL.ZG,Senegal,SEN,0.145107460135434
"Inflation, consumer prices (annual %)",FP.CPI.TOTL.ZG,"Congo, Dem. Rep.",ZAR,..
"Inflation, consumer prices (annual %)",FP.CPI.TOTL.ZG,Madagascar,MDG,7.4040020324713
"Inflation, consumer prices (annual %)",FP.CPI.TOTL.ZG,Mongolia,MNG,5.77594950974891
"Inflation, consumer prices (annual %)",FP.CPI.TOTL.ZG,Niger,NER,1.00688508649488
"Inflation, consumer prices (annual %)",FP.CPI.TOTL.ZG,Morocco,MAR,1.55790711346296
"Inflation, consumer prices (annual %)",FP.CPI.TOTL.ZG,Cameroon,CMR,2.68598277212191
"Inflation, consumer prices (annual %)",FP.CPI.TOTL.ZG,Burkina Faso,BFA,0.954993317377923
"Inflation, consumer prices (annual %)",FP.CPI.TOTL.ZG,Kyrgyz Republic,KGZ,6.50331839122725
"Inflation, consumer prices (annual %)",FP.CPI.TOTL.ZG,"Egypt, Arab Rep.",EGY,10.3574896480911
"Inflation, consumer prices (annual %)",FP.CPI.TOTL.ZG,Armenia,ARM,3.72658602789371
"Inflation, consumer prices (annual %)",FP.CPI.TOTL.ZG,Rwanda,RWA,2.51808770378503
"Inflation, GDP deflator (annual %)",NY.GDP.DEFL.KD.ZG,India,IND,0.994623272080958
"Inflation, GDP deflator (annual %)",NY.GDP.DEFL.KD.ZG,Bangladesh,BGD,5.87277657668392
"Inflation, GDP deflator (annual %)",NY.GDP.DEFL.KD.ZG,Pakistan,PAK,3.50527781531898
"Inflation, GDP deflator (annual %)",NY.GDP.DEFL.KD.ZG,Mexico,MEX,2.513814996655
"Inflation, GDP deflator (annual %)",NY.GDP.DEFL.KD.ZG,Vietnam,VNM,-0.190788132148072
"Inflation, GDP deflator (annual %)",NY.GDP.DEFL.KD.ZG,Peru,PER,2.90104242048569
"Inflation, GDP deflator (annual %)",NY.GDP.DEFL.KD.ZG,Colombia,COL,2.56094824824275
"Inflation, GDP deflator (annual %)",NY.GDP.DEFL.KD.ZG,Philippines,PHL,-0.684013041960611
"Inflation, GDP deflator (annual %)",NY.GDP.DEFL.KD.ZG,Nepal,NPL,5.86619969356622
"Inflation, GDP deflator (annual %)",NY.GDP.DEFL.KD.ZG,Brazil,BRA,7.96989203654879
"Inflation, GDP deflator (annual %)",NY.GDP.DEFL.KD.ZG,Cambodia,KHM,1.2632964145015
"Inflation, GDP deflator (annual %)",NY.GDP.DEFL.KD.ZG,Ecuador,ECU,-0.334577054126385
"Inflation, GDP deflator (annual %)",NY.GDP.DEFL.KD.ZG,Bolivia,BOL,-3.22588264031263
"Inflation, GDP deflator (annual %)",NY.GDP.DEFL.KD.ZG,Ethiopia,ETH,6.3596439482549
"Inflation, GDP deflator (annual %)",NY.GDP.DEFL.KD.ZG,Paraguay,PRY,1.283631543358
"Inflation, GDP deflator (annual %)",NY.GDP.DEFL.KD.ZG,Nigeria,NGA,2.86366439780939
"Inflation, GDP deflator (annual %)",NY.GDP.DEFL.KD.ZG,Indonesia,IDN,4.23086516590354
"Inflation, GDP deflator (annual %)",NY.GDP.DEFL.KD.ZG,Sri Lanka,LKA,2.14345751210057
"Inflation, GDP deflator (annual %)",NY.GDP.DEFL.KD.ZG,Afghanistan,AFG,0.939894826299167
"Inflation, GDP deflator (annual %)",NY.GDP.DEFL.KD.ZG,Myanmar,MMR,11.311510716503
"Inflation, GDP deflator (annual %)",NY.GDP.DEFL.KD.ZG,Dominican Republic,DOM,1.44804114769343
"Inflation, GDP deflator (annual %)",NY.GDP.DEFL.KD.ZG,China,CHN,-0.453112408983785
"Inflation, GDP deflator (annual %)",NY.GDP.DEFL.KD.ZG,Bhutan,BTN,1.98007280372035
"Inflation, GDP deflator (annual %)",NY.GDP.DEFL.KD.ZG,Guatemala,GTM,3.26556790348968
"Inflation, GDP deflator (annual %)",NY.GDP.DEFL.KD.ZG,Nicaragua,NIC,7.72600718349648
"Inflation, GDP deflator (annual %)",NY.GDP.DEFL.KD.ZG,Chile,CHL,4.32474939399397
"Inflation, GDP deflator (annual %)",NY.GDP.DEFL.KD.ZG,Kenya,KEN,9.14268685289316
"Inflation, GDP deflator (annual %)",NY.GDP.DEFL.KD.ZG,Honduras,HND,4.90780529785113
"Inflation, GDP deflator (annual %)",NY.GDP.DEFL.KD.ZG,Benin,BEN,0.620331878996311
"Inflation, GDP deflator (annual %)",NY.GDP.DEFL.KD.ZG,Azerbaijan,AZE,-8.84581664869533
"Inflation, GDP deflator (annual %)",NY.GDP.DEFL.KD.ZG,Ghana,GHA,18.8473667907714
"Inflation, GDP deflator (annual %)",NY.GDP.DEFL.KD.ZG,El Salvador,SLV,0.704747802541434
"Inflation, GDP deflator (annual %)",NY.GDP.DEFL.KD.ZG,Uganda,UGA,3.59341820440193
"Inflation, GDP deflator (annual %)",NY.GDP.DEFL.KD.ZG,Tanzania,TZA,5.20879707936328
"Inflation, GDP deflator (annual %)",NY.GDP.DEFL.KD.ZG,Haiti,HTI,8.27938395114624
"Inflation, GDP deflator (annual %)",NY.GDP.DEFL.KD.ZG,Togo,TGO,1.27616214327573
"Inflation, GDP deflator (annual %)",NY.GDP.DEFL.KD.ZG,Senegal,SEN,-1.13361821394368
"Inflation, GDP deflator (annual %)",NY.GDP.DEFL.KD.ZG,"Congo, Dem. Rep.",ZAR,0.643455026311486
"Inflation, GDP deflator (annual %)",NY.GDP.DEFL.KD.ZG,Madagascar,MDG,6.88605338725161
"Inflation, GDP deflator (annual %)",NY.GDP.DEFL.KD.ZG,Mongolia,MNG,1.88903725296331
"Inflation, GDP deflator (annual %)",NY.GDP.DEFL.KD.ZG,Niger,NER,0.0264007893473632
"Inflation, GDP deflator (annual %)",NY.GDP.DEFL.KD.ZG,Morocco,MAR,1.49999999585688
"Inflation, GDP deflator (annual %)",NY.GDP.DEFL.KD.ZG,Cameroon,CMR,2.57955799052698
"Inflation, GDP deflator (annual %)",NY.GDP.DEFL.KD.ZG,Burkina Faso,BFA,1.75763199403588
"Inflation, GDP deflator (annual %)",NY.GDP.DEFL.KD.ZG,Kyrgyz Republic,KGZ,2.18051246131165
"Inflation, GDP deflator (annual %)",NY.GDP.DEFL.KD.ZG,"Egypt, Arab Rep.",EGY,10.9406634103739
"Inflation, GDP deflator (annual %)",NY.GDP.DEFL.KD.ZG,Armenia,ARM,1.18353114808514
"Inflation, GDP deflator (annual %)",NY.GDP.DEFL.KD.ZG,Rwanda,RWA,1.20534827611247
Internet users (per 100 people),IT.NET.USER.P2,India,IND,26
Internet users (per 100 people),IT.NET.USER.P2,Bangladesh,BGD,14.4
Internet users (per 100 people),IT.NET.USER.P2,Pakistan,PAK,18
Internet users (per 100 people),IT.NET.USER.P2,Mexico,MEX,57.4310429923633
Internet users (per 100 people),IT.NET.USER.P2,Vietnam,VNM,52.720000000055
Internet users (per 100 people),IT.NET.USER.P2,Peru,PER,40.9
Internet users (per 100 people),IT.NET.USER.P2,Colombia,COL,55.9049725142924
Internet users (per 100 people),IT.NET.USER.P2,Philippines,PHL,40.7
Internet users (per 100 people),IT.NET.USER.P2,Nepal,NPL,17.58161800656
Internet users (per 100 people),IT.NET.USER.P2,Brazil,BRA,59.079477910505
Internet users (per 100 people),IT.NET.USER.P2,Cambodia,KHM,19
Internet users (per 100 people),IT.NET.USER.P2,Ecuador,ECU,48.9404337892669
Internet users (per 100 people),IT.NET.USER.P2,Bolivia,BOL,45.1
Internet users (per 100 people),IT.NET.USER.P2,Ethiopia,ETH,11.6
Internet users (per 100 people),IT.NET.USER.P2,Paraguay,PRY,44.381596919184
Internet users (per 100 people),IT.NET.USER.P2,Nigeria,NGA,47.442550294429
Internet users (per 100 people),IT.NET.USER.P2,Indonesia,IDN,21.9760677113476
Internet users (per 100 people),IT.NET.USER.P2,Sri Lanka,LKA,29.988737549341
Internet users (per 100 people),IT.NET.USER.P2,Afghanistan,AFG,8.26
Internet users (per 100 people),IT.NET.USER.P2,Myanmar,MMR,21.8
Internet users (per 100 people),IT.NET.USER.P2,Dominican Republic,DOM,51.9302327383135
Internet users (per 100 people),IT.NET.USER.P2,China,CHN,50.3
Internet users (per 100 people),IT.NET.USER.P2,Bhutan,BTN,39.8
Internet users (per 100 people),IT.NET.USER.P2,Guatemala,GTM,27.100000000275
Internet users (per 100 people),IT.NET.USER.P2,Nicaragua,NIC,19.704291498993
Internet users (per 100 people),IT.NET.USER.P2,Chile,CHL,64.289
Internet users (per 100 people),IT.NET.USER.P2,Kenya,KEN,45.6228006060586
Internet users (per 100 people),IT.NET.USER.P2,Honduras,HND,20.356867428881
Internet users (per 100 people),IT.NET.USER.P2,Benin,BEN,6.787702956098
Internet users (per 100 people),IT.NET.USER.P2,Azerbaijan,AZE,77
Internet users (per 100 people),IT.NET.USER.P2,Ghana,GHA,23.478128435343
Internet users (per 100 people),IT.NET.USER.P2,El Salvador,SLV,26.915075328277
Internet users (per 100 people),IT.NET.USER.P2,Uganda,UGA,19.221099634407
Internet users (per 100 people),IT.NET.USER.P2,Tanzania,TZA,5.355144064127
Internet users (per 100 people),IT.NET.USER.P2,Haiti,HTI,12.197766377036
Internet users (per 100 people),IT.NET.USER.P2,Togo,TGO,7.12
Internet users (per 100 people),IT.NET.USER.P2,Senegal,SEN,21.690264133037
Internet users (per 100 people),IT.NET.USER.P2,"Congo, Dem. Rep.",ZAR,3.799999507273
Internet users (per 100 people),IT.NET.USER.P2,Madagascar,MDG,4.173972190007
Internet users (per 100 people),IT.NET.USER.P2,Mongolia,MNG,21.4360311065255
Internet users (per 100 people),IT.NET.USER.P2,Niger,NER,2.220165349673
Internet users (per 100 people),IT.NET.USER.P2,Morocco,MAR,57.08
Internet users (per 100 people),IT.NET.USER.P2,Cameroon,CMR,20.6801476606263
Internet users (per 100 people),IT.NET.USER.P2,Burkina Faso,BFA,11.387646166247
Internet users (per 100 people),IT.NET.USER.P2,Kyrgyz Republic,KGZ,30.247042775311
Internet users (per 100 people),IT.NET.USER.P2,"Egypt, Arab Rep.",EGY,35.9
Internet users (per 100 people),IT.NET.USER.P2,Armenia,ARM,58.2493322231746
Internet users (per 100 people),IT.NET.USER.P2,Rwanda,RWA,18
"Life expectancy at birth, total (years)",SP.DYN.LE00.IN,India,IND,..
"Life expectancy at birth, total (years)",SP.DYN.LE00.IN,Bangladesh,BGD,..
"Life expectancy at birth, total (years)",SP.DYN.LE00.IN,Pakistan,PAK,..
"Life expectancy at birth, total (years)",SP.DYN.LE00.IN,Mexico,MEX,..
"Life expectancy at birth, total (years)",SP.DYN.LE00.IN,Vietnam,VNM,..
"Life expectancy at birth, total (years)",SP.DYN.LE00.IN,Peru,PER,..
"Life expectancy at birth, total (years)",SP.DYN.LE00.IN,Colombia,COL,..
"Life expectancy at birth, total (years)",SP.DYN.LE00.IN,Philippines,PHL,..
"Life expectancy at birth, total (years)",SP.DYN.LE00.IN,Nepal,NPL,..
"Life expectancy at birth, total (years)",SP.DYN.LE00.IN,Brazil,BRA,..
"Life expectancy at birth, total (years)",SP.DYN.LE00.IN,Cambodia,KHM,..
"Life expectancy at birth, total (years)",SP.DYN.LE00.IN,Ecuador,ECU,..
"Life expectancy at birth, total (years)",SP.DYN.LE00.IN,Bolivia,BOL,..
"Life expectancy at birth, total (years)",SP.DYN.LE00.IN,Ethiopia,ETH,..
"Life expectancy at birth, total (years)",SP.DYN.LE00.IN,Paraguay,PRY,..
"Life expectancy at birth, total (years)",SP.DYN.LE00.IN,Nigeria,NGA,..
"Life expectancy at birth, total (years)",SP.DYN.LE00.IN,Indonesia,IDN,..
"Life expectancy at birth, total (years)",SP.DYN.LE00.IN,Sri Lanka,LKA,..
"Life expectancy at birth, total (years)",SP.DYN.LE00.IN,Afghanistan,AFG,..
"Life expectancy at birth, total (years)",SP.DYN.LE00.IN,Myanmar,MMR,..
"Life expectancy at birth, total (years)",SP.DYN.LE00.IN,Dominican Republic,DOM,..
"Life expectancy at birth, total (years)",SP.DYN.LE00.IN,China,CHN,..
"Life expectancy at birth, total (years)",SP.DYN.LE00.IN,Bhutan,BTN,..
"Life expectancy at birth, total (years)",SP.DYN.LE00.IN,Guatemala,GTM,..
"Life expectancy at birth, total (years)",SP.DYN.LE00.IN,Nicaragua,NIC,..
"Life expectancy at birth, total (years)",SP.DYN.LE00.IN,Chile,CHL,..
"Life expectancy at birth, total (years)",SP.DYN.LE00.IN,Kenya,KEN,..
"Life expectancy at birth, total (years)",SP.DYN.LE00.IN,Honduras,HND,..
"Life expectancy at birth, total (years)",SP.DYN.LE00.IN,Benin,BEN,..
"Life expectancy at birth, total (years)",SP.DYN.LE00.IN,Azerbaijan,AZE,..
"Life expectancy at birth, total (years)",SP.DYN.LE00.IN,Ghana,GHA,..
"Life expectancy at birth, total (years)",SP.DYN.LE00.IN,El Salvador,SLV,..
"Life expectancy at birth, total (years)",SP.DYN.LE00.IN,Uganda,UGA,..
"Life expectancy at birth, total (years)",SP.DYN.LE00.IN,Tanzania,TZA,..
"Life expectancy at birth, total (years)",SP.DYN.LE00.IN,Haiti,HTI,..
"Life expectancy at birth, total (years)",SP.DYN.LE00.IN,Togo,TGO,..
"Life expectancy at birth, total (years)",SP.DYN.LE00.IN,Senegal,SEN,..
"Life expectancy at birth, total (years)",SP.DYN.LE00.IN,"Congo, Dem. Rep.",ZAR,..
"Life expectancy at birth, total (years)",SP.DYN.LE00.IN,Madagascar,MDG,..
"Life expectancy at birth, total (years)",SP.DYN.LE00.IN,Mongolia,MNG,..
"Life expectancy at birth, total (years)",SP.DYN.LE00.IN,Niger,NER,..
"Life expectancy at birth, total (years)",SP.DYN.LE00.IN,Morocco,MAR,..
"Life expectancy at birth, total (years)",SP.DYN.LE00.IN,Cameroon,CMR,..
"Life expectancy at birth, total (years)",SP.DYN.LE00.IN,Burkina Faso,BFA,..
"Life expectancy at birth, total (years)",SP.DYN.LE00.IN,Kyrgyz Republic,KGZ,..
"Life expectancy at birth, total (years)",SP.DYN.LE00.IN,"Egypt, Arab Rep.",EGY,..
"Life expectancy at birth, total (years)",SP.DYN.LE00.IN,Armenia,ARM,..
"Life expectancy at birth, total (years)",SP.DYN.LE00.IN,Rwanda,RWA,..
"Adult literacy rate, population 15+ years, both sexes (%)",SE.ADT.LITR.ZS,India,IND,72.2253036499023
"Adult literacy rate, population 15+ years, both sexes (%)",SE.ADT.LITR.ZS,Bangladesh,BGD,61.4938316345215
"Adult literacy rate, population 15+ years, both sexes (%)",SE.ADT.LITR.ZS,Pakistan,PAK,56.4403114318848
"Adult literacy rate, population 15+ years, both sexes (%)",SE.ADT.LITR.ZS,Mexico,MEX,94.5455932617188
"Adult literacy rate, population 15+ years, both sexes (%)",SE.ADT.LITR.ZS,Vietnam,VNM,94.5142669677734
"Adult literacy rate, population 15+ years, both sexes (%)",SE.ADT.LITR.ZS,Peru,PER,94.3743515014648
"Adult literacy rate, population 15+ years, both sexes (%)",SE.ADT.LITR.ZS,Colombia,COL,94.5770568847656
"Adult literacy rate, population 15+ years, both sexes (%)",SE.ADT.LITR.ZS,Philippines,PHL,96.6180267333984
"Adult literacy rate, population 15+ years, both sexes (%)",SE.ADT.LITR.ZS,Nepal,NPL,64.6636428833008
"Adult literacy rate, population 15+ years, both sexes (%)",SE.ADT.LITR.ZS,Brazil,BRA,92.5868072509766
"Adult literacy rate, population 15+ years, both sexes (%)",SE.ADT.LITR.ZS,Cambodia,KHM,78.3459396362305
"Adult literacy rate, population 15+ years, both sexes (%)",SE.ADT.LITR.ZS,Ecuador,ECU,94.5154724121094
"Adult literacy rate, population 15+ years, both sexes (%)",SE.ADT.LITR.ZS,Bolivia,BOL,95.1419219970703
"Adult literacy rate, population 15+ years, both sexes (%)",SE.ADT.LITR.ZS,Ethiopia,ETH,49.0315208435059
"Adult literacy rate, population 15+ years, both sexes (%)",SE.ADT.LITR.ZS,Paraguay,PRY,95.5361099243164
"Adult literacy rate, population 15+ years, both sexes (%)",SE.ADT.LITR.ZS,Nigeria,NGA,59.5680809020996
"Adult literacy rate, population 15+ years, both sexes (%)",SE.ADT.LITR.ZS,Indonesia,IDN,95.4376831054688
"Adult literacy rate, population 15+ years, both sexes (%)",SE.ADT.LITR.ZS,Sri Lanka,LKA,92.6141662597656
"Adult literacy rate, population 15+ years, both sexes (%)",SE.ADT.LITR.ZS,Afghanistan,AFG,38.168041229248
"Adult literacy rate, population 15+ years, both sexes (%)",SE.ADT.LITR.ZS,Myanmar,MMR,93.0900497436523
"Adult literacy rate, population 15+ years, both sexes (%)",SE.ADT.LITR.ZS,Dominican Republic,DOM,92.4654235839844
"Adult literacy rate, population 15+ years, both sexes (%)",SE.ADT.LITR.ZS,China,CHN,96.3574523925781
"Adult literacy rate, population 15+ years, both sexes (%)",SE.ADT.LITR.ZS,Bhutan,BTN,63.9068183898926
"Adult literacy rate, population 15+ years, both sexes (%)",SE.ADT.LITR.ZS,Guatemala,GTM,79.0742111206055
"Adult literacy rate, population 15+ years, both sexes (%)",SE.ADT.LITR.ZS,Nicaragua,NIC,82.4718475341797
"Adult literacy rate, population 15+ years, both sexes (%)",SE.ADT.LITR.ZS,Chile,CHL,96.6275482177734
"Adult literacy rate, population 15+ years, both sexes (%)",SE.ADT.LITR.ZS,Kenya,KEN,78.0233993530273
"Adult literacy rate, population 15+ years, both sexes (%)",SE.ADT.LITR.ZS,Honduras,HND,88.4245834350586
"Adult literacy rate, population 15+ years, both sexes (%)",SE.ADT.LITR.ZS,Benin,BEN,38.4471397399902
"Adult literacy rate, population 15+ years, both sexes (%)",SE.ADT.LITR.ZS,Azerbaijan,AZE,99.8052597045898
"Adult literacy rate, population 15+ years, both sexes (%)",SE.ADT.LITR.ZS,Ghana,GHA,76.5758972167969
"Adult literacy rate, population 15+ years, both sexes (%)",SE.ADT.LITR.ZS,El Salvador,SLV,87.6482162475586
"Adult literacy rate, population 15+ years, both sexes (%)",SE.ADT.LITR.ZS,Uganda,UGA,73.8098373413086
"Adult literacy rate, population 15+ years, both sexes (%)",SE.ADT.LITR.ZS,Tanzania,TZA,80.3594970703125
"Adult literacy rate, population 15+ years, both sexes (%)",SE.ADT.LITR.ZS,Haiti,HTI,60.6893501281738
"Adult literacy rate, population 15+ years, both sexes (%)",SE.ADT.LITR.ZS,Togo,TGO,66.5375900268555
"Adult literacy rate, population 15+ years, both sexes (%)",SE.ADT.LITR.ZS,Senegal,SEN,55.6248512268066
"Adult literacy rate, population 15+ years, both sexes (%)",SE.ADT.LITR.ZS,"Congo, Dem. Rep.",ZAR,77.2216720581055
"Adult literacy rate, population 15+ years, both sexes (%)",SE.ADT.LITR.ZS,Madagascar,MDG,64.6563034057617
"Adult literacy rate, population 15+ years, both sexes (%)",SE.ADT.LITR.ZS,Mongolia,MNG,98.3676376342773
"Adult literacy rate, population 15+ years, both sexes (%)",SE.ADT.LITR.ZS,Niger,NER,19.1026000976563
"Adult literacy rate, population 15+ years, both sexes (%)",SE.ADT.LITR.ZS,Morocco,MAR,71.7105484008789
"Adult literacy rate, population 15+ years, both sexes (%)",SE.ADT.LITR.ZS,Cameroon,CMR,74.9855804443359
"Adult literacy rate, population 15+ years, both sexes (%)",SE.ADT.LITR.ZS,Burkina Faso,BFA,37.7467002868652
"Adult literacy rate, population 15+ years, both sexes (%)",SE.ADT.LITR.ZS,Kyrgyz Republic,KGZ,99.5013198852539
"Adult literacy rate, population 15+ years, both sexes (%)",SE.ADT.LITR.ZS,"Egypt, Arab Rep.",EGY,75.8426208496094
"Adult literacy rate, population 15+ years, both sexes (%)",SE.ADT.LITR.ZS,Armenia,ARM,99.7684173583984
"Adult literacy rate, population 15+ years, both sexes (%)",SE.ADT.LITR.ZS,Rwanda,RWA,71.2434997558594
"Unemployment, total (% of total labor force) (modeled ILO estimate)",SL.UEM.TOTL.ZS,India,IND,..
"Unemployment, total (% of total labor force) (modeled ILO estimate)",SL.UEM.TOTL.ZS,Bangladesh,BGD,..
"Unemployment, total (% of total labor force) (modeled ILO estimate)",SL.UEM.TOTL.ZS,Pakistan,PAK,..
"Unemployment, total (% of total labor force) (modeled ILO estimate)",SL.UEM.TOTL.ZS,Mexico,MEX,..
"Unemployment, total (% of total labor force) (modeled ILO estimate)",SL.UEM.TOTL.ZS,Vietnam,VNM,..
"Unemployment, total (% of total labor force) (modeled ILO estimate)",SL.UEM.TOTL.ZS,Peru,PER,..
"Unemployment, total (% of total labor force) (modeled ILO estimate)",SL.UEM.TOTL.ZS,Colombia,COL,..
"Unemployment, total (% of total labor force) (modeled ILO estimate)",SL.UEM.TOTL.ZS,Philippines,PHL,..
"Unemployment, total (% of total labor force) (modeled ILO estimate)",SL.UEM.TOTL.ZS,Nepal,NPL,..
"Unemployment, total (% of total labor force) (modeled ILO estimate)",SL.UEM.TOTL.ZS,Brazil,BRA,..
"Unemployment, total (% of total labor force) (modeled ILO estimate)",SL.UEM.TOTL.ZS,Cambodia,KHM,..
"Unemployment, total (% of total labor force) (modeled ILO estimate)",SL.UEM.TOTL.ZS,Ecuador,ECU,..
"Unemployment, total (% of total labor force) (modeled ILO estimate)",SL.UEM.TOTL.ZS,Bolivia,BOL,..
"Unemployment, total (% of total labor force) (modeled ILO estimate)",SL.UEM.TOTL.ZS,Ethiopia,ETH,..
"Unemployment, total (% of total labor force) (modeled ILO estimate)",SL.UEM.TOTL.ZS,Paraguay,PRY,..
"Unemployment, total (% of total labor force) (modeled ILO estimate)",SL.UEM.TOTL.ZS,Nigeria,NGA,..
"Unemployment, total (% of total labor force) (modeled ILO estimate)",SL.UEM.TOTL.ZS,Indonesia,IDN,..
"Unemployment, total (% of total labor force) (modeled ILO estimate)",SL.UEM.TOTL.ZS,Sri Lanka,LKA,..
"Unemployment, total (% of total labor force) (modeled ILO estimate)",SL.UEM.TOTL.ZS,Afghanistan,AFG,..
"Unemployment, total (% of total labor force) (modeled ILO estimate)",SL.UEM.TOTL.ZS,Myanmar,MMR,..
"Unemployment, total (% of total labor force) (modeled ILO estimate)",SL.UEM.TOTL.ZS,Dominican Republic,DOM,..
"Unemployment, total (% of total labor force) (modeled ILO estimate)",SL.UEM.TOTL.ZS,China,CHN,..
"Unemployment, total (% of total labor force) (modeled ILO estimate)",SL.UEM.TOTL.ZS,Bhutan,BTN,..
"Unemployment, total (% of total labor force) (modeled ILO estimate)",SL.UEM.TOTL.ZS,Guatemala,GTM,..
"Unemployment, total (% of total labor force) (modeled ILO estimate)",SL.UEM.TOTL.ZS,Nicaragua,NIC,..
"Unemployment, total (% of total labor force) (modeled ILO estimate)",SL.UEM.TOTL.ZS,Chile,CHL,..
"Unemployment, total (% of total labor force) (modeled ILO estimate)",SL.UEM.TOTL.ZS,Kenya,KEN,..
"Unemployment, total (% of total labor force) (modeled ILO estimate)",SL.UEM.TOTL.ZS,Honduras,HND,..
"Unemployment, total (% of total labor force) (modeled ILO estimate)",SL.UEM.TOTL.ZS,Benin,BEN,..
"Unemployment, total (% of total labor force) (modeled ILO estimate)",SL.UEM.TOTL.ZS,Azerbaijan,AZE,..
"Unemployment, total (% of total labor force) (modeled ILO estimate)",SL.UEM.TOTL.ZS,Ghana,GHA,..
"Unemployment, total (% of total labor force) (modeled ILO estimate)",SL.UEM.TOTL.ZS,El Salvador,SLV,..
"Unemployment, total (% of total labor force) (modeled ILO estimate)",SL.UEM.TOTL.ZS,Uganda,UGA,..
"Unemployment, total (% of total labor force) (modeled ILO estimate)",SL.UEM.TOTL.ZS,Tanzania,TZA,..
"Unemployment, total (% of total labor force) (modeled ILO estimate)",SL.UEM.TOTL.ZS,Haiti,HTI,..
"Unemployment, total (% of total labor force) (modeled ILO estimate)",SL.UEM.TOTL.ZS,Togo,TGO,..
"Unemployment, total (% of total labor force) (modeled ILO estimate)",SL.UEM.TOTL.ZS,Senegal,SEN,..
"Unemployment, total (% of total labor force) (modeled ILO estimate)",SL.UEM.TOTL.ZS,"Congo, Dem. Rep.",ZAR,..
"Unemployment, total (% of total labor force) (modeled ILO estimate)",SL.UEM.TOTL.ZS,Madagascar,MDG,..
"Unemployment, total (% of total labor force) (modeled ILO estimate)",SL.UEM.TOTL.ZS,Mongolia,MNG,..
"Unemployment, total (% of total labor force) (modeled ILO estimate)",SL.UEM.TOTL.ZS,Niger,NER,..
"Unemployment, total (% of total labor force) (modeled ILO estimate)",SL.UEM.TOTL.ZS,Morocco,MAR,..
"Unemployment, total (% of total labor force) (modeled ILO estimate)",SL.UEM.TOTL.ZS,Cameroon,CMR,..
"Unemployment, total (% of total labor force) (modeled ILO estimate)",SL.UEM.TOTL.ZS,Burkina Faso,BFA,..
"Unemployment, total (% of total labor force) (modeled ILO estimate)",SL.UEM.TOTL.ZS,Kyrgyz Republic,KGZ,..
"Unemployment, total (% of total labor force) (modeled ILO estimate)",SL.UEM.TOTL.ZS,"Egypt, Arab Rep.",EGY,..
"Unemployment, total (% of total labor force) (modeled ILO estimate)",SL.UEM.TOTL.ZS,Armenia,ARM,..
"Unemployment, total (% of total labor force) (modeled ILO estimate)",SL.UEM.TOTL.ZS,Rwanda,RWA,..
Poverty headcount ratio at national poverty lines (% of population),SI.POV.NAHC,India,IND,..
Poverty headcount ratio at national poverty lines (% of population),SI.POV.NAHC,Bangladesh,BGD,..
Poverty headcount ratio at national poverty lines (% of population),SI.POV.NAHC,Pakistan,PAK,..
Poverty headcount ratio at national poverty lines (% of population),SI.POV.NAHC,Mexico,MEX,..
Poverty headcount ratio at national poverty lines (% of population),SI.POV.NAHC,Vietnam,VNM,..
Poverty headcount ratio at national poverty lines (% of population),SI.POV.NAHC,Peru,PER,21.8
Poverty headcount ratio at national poverty lines (% of population),SI.POV.NAHC,Colombia,COL,27.8
Poverty headcount ratio at national poverty lines (% of population),SI.POV.NAHC,Philippines,PHL,..
Poverty headcount ratio at national poverty lines (% of population),SI.POV.NAHC,Nepal,NPL,..
Poverty headcount ratio at national poverty lines (% of population),SI.POV.NAHC,Brazil,BRA,..
Poverty headcount ratio at national poverty lines (% of population),SI.POV.NAHC,Cambodia,KHM,..
Poverty headcount ratio at national poverty lines (% of population),SI.POV.NAHC,Ecuador,ECU,23.3
Poverty headcount ratio at national poverty lines (% of population),SI.POV.NAHC,Bolivia,BOL,38.6
Poverty headcount ratio at national poverty lines (% of population),SI.POV.NAHC,Ethiopia,ETH,..
Poverty headcount ratio at national poverty lines (% of population),SI.POV.NAHC,Paraguay,PRY,22.2
Poverty headcount ratio at national poverty lines (% of population),SI.POV.NAHC,Nigeria,NGA,..
Poverty headcount ratio at national poverty lines (% of population),SI.POV.NAHC,Indonesia,IDN,..
Poverty headcount ratio at national poverty lines (% of population),SI.POV.NAHC,Sri Lanka,LKA,..
Poverty headcount ratio at national poverty lines (% of population),SI.POV.NAHC,Afghanistan,AFG,..
Poverty headcount ratio at national poverty lines (% of population),SI.POV.NAHC,Myanmar,MMR,..
Poverty headcount ratio at national poverty lines (% of population),SI.POV.NAHC,Dominican Republic,DOM,32.4
Poverty headcount ratio at national poverty lines (% of population),SI.POV.NAHC,China,CHN,..
Poverty headcount ratio at national poverty lines (% of population),SI.POV.NAHC,Bhutan,BTN,..
Poverty headcount ratio at national poverty lines (% of population),SI.POV.NAHC,Guatemala,GTM,..
Poverty headcount ratio at national poverty lines (% of population),SI.POV.NAHC,Nicaragua,NIC,..
Poverty headcount ratio at national poverty lines (% of population),SI.POV.NAHC,Chile,CHL,..
Poverty headcount ratio at national poverty lines (% of population),SI.POV.NAHC,Kenya,KEN,..
Poverty headcount ratio at national poverty lines (% of population),SI.POV.NAHC,Honduras,HND,..
Poverty headcount ratio at national poverty lines (% of population),SI.POV.NAHC,Benin,BEN,..
Poverty headcount ratio at national poverty lines (% of population),SI.POV.NAHC,Azerbaijan,AZE,..
Poverty headcount ratio at national poverty lines (% of population),SI.POV.NAHC,Ghana,GHA,..
Poverty headcount ratio at national poverty lines (% of population),SI.POV.NAHC,El Salvador,SLV,..
Poverty headcount ratio at national poverty lines (% of population),SI.POV.NAHC,Uganda,UGA,..
Poverty headcount ratio at national poverty lines (% of population),SI.POV.NAHC,Tanzania,TZA,..
Poverty headcount ratio at national poverty lines (% of population),SI.POV.NAHC,Haiti,HTI,..
Poverty headcount ratio at national poverty lines (% of population),SI.POV.NAHC,Togo,TGO,55.1
Poverty headcount ratio at national poverty lines (% of population),SI.POV.NAHC,Senegal,SEN,..
Poverty headcount ratio at national poverty lines (% of population),SI.POV.NAHC,"Congo, Dem. Rep.",ZAR,..
Poverty headcount ratio at national poverty lines (% of population),SI.POV.NAHC,Madagascar,MDG,..
Poverty headcount ratio at national poverty lines (% of population),SI.POV.NAHC,Mongolia,MNG,..
Poverty headcount ratio at national poverty lines (% of population),SI.POV.NAHC,Niger,NER,..
Poverty headcount ratio at national poverty lines (% of population),SI.POV.NAHC,Morocco,MAR,..
Poverty headcount ratio at national poverty lines (% of population),SI.POV.NAHC,Cameroon,CMR,..
Poverty headcount ratio at national poverty lines (% of population),SI.POV.NAHC,Burkina Faso,BFA,..
Poverty headcount ratio at national poverty lines (% of population),SI.POV.NAHC,Kyrgyz Republic,KGZ,32.1
Poverty headcount ratio at national poverty lines (% of population),SI.POV.NAHC,"Egypt, Arab Rep.",EGY,..
Poverty headcount ratio at national poverty lines (% of population),SI.POV.NAHC,Armenia,ARM,..
Poverty headcount ratio at national poverty lines (% of population),SI.POV.NAHC,Rwanda,RWA,..
"Agriculture, value added (% of GDP)",NV.AGR.TOTL.ZS,India,IND,..
"Agriculture, value added (% of GDP)",NV.AGR.TOTL.ZS,Bangladesh,BGD,15.5074719341824
"Agriculture, value added (% of GDP)",NV.AGR.TOTL.ZS,Pakistan,PAK,25.4640636454042
"Agriculture, value added (% of GDP)",NV.AGR.TOTL.ZS,Mexico,MEX,3.70613406195922
"Agriculture, value added (% of GDP)",NV.AGR.TOTL.ZS,Vietnam,VNM,16.9922120022076
"Agriculture, value added (% of GDP)",NV.AGR.TOTL.ZS,Peru,PER,..
"Agriculture, value added (% of GDP)",NV.AGR.TOTL.ZS,Colombia,COL,6.82718146465088
"Agriculture, value added (% of GDP)",NV.AGR.TOTL.ZS,Philippines,PHL,10.2665463273775
"Agriculture, value added (% of GDP)",NV.AGR.TOTL.ZS,Nepal,NPL,32.7860343469515
"Agriculture, value added (% of GDP)",NV.AGR.TOTL.ZS,Brazil,BRA,5.21479449464302
"Agriculture, value added (% of GDP)",NV.AGR.TOTL.ZS,Cambodia,KHM,28.2491486532701
"Agriculture, value added (% of GDP)",NV.AGR.TOTL.ZS,Ecuador,ECU,9.55267808354422
"Agriculture, value added (% of GDP)",NV.AGR.TOTL.ZS,Bolivia,BOL,..
"Agriculture, value added (% of GDP)",NV.AGR.TOTL.ZS,Ethiopia,ETH,40.973281026529
"Agriculture, value added (% of GDP)",NV.AGR.TOTL.ZS,Paraguay,PRY,18.531674401335
"Agriculture, value added (% of GDP)",NV.AGR.TOTL.ZS,Nigeria,NGA,20.8582264479564
"Agriculture, value added (% of GDP)",NV.AGR.TOTL.ZS,Indonesia,IDN,13.520732350571
"Agriculture, value added (% of GDP)",NV.AGR.TOTL.ZS,Sri Lanka,LKA,8.67951186043066
"Agriculture, value added (% of GDP)",NV.AGR.TOTL.ZS,Afghanistan,AFG,22.6039268726035
"Agriculture, value added (% of GDP)",NV.AGR.TOTL.ZS,Myanmar,MMR,..
"Agriculture, value added (% of GDP)",NV.AGR.TOTL.ZS,Dominican Republic,DOM,6.57358153156331
"Agriculture, value added (% of GDP)",NV.AGR.TOTL.ZS,China,CHN,8.99398529173153
"Agriculture, value added (% of GDP)",NV.AGR.TOTL.ZS,Bhutan,BTN,17.0557631315892
"Agriculture, value added (% of GDP)",NV.AGR.TOTL.ZS,Guatemala,GTM,11.1312287846786
"Agriculture, value added (% of GDP)",NV.AGR.TOTL.ZS,Nicaragua,NIC,18.8085746067775
"Agriculture, value added (% of GDP)",NV.AGR.TOTL.ZS,Chile,CHL,3.88685717358686
"Agriculture, value added (% of GDP)",NV.AGR.TOTL.ZS,Kenya,KEN,32.9388622097393
"Agriculture, value added (% of GDP)",NV.AGR.TOTL.ZS,Honduras,HND,13.8678038148987
"Agriculture, value added (% of GDP)",NV.AGR.TOTL.ZS,Benin,BEN,23.1874901279419
"Agriculture, value added (% of GDP)",NV.AGR.TOTL.ZS,Azerbaijan,AZE,6.79136800335426
"Agriculture, value added (% of GDP)",NV.AGR.TOTL.ZS,Ghana,GHA,21.0779414042415
"Agriculture, value added (% of GDP)",NV.AGR.TOTL.ZS,El Salvador,SLV,11.2791212498155
"Agriculture, value added (% of GDP)",NV.AGR.TOTL.ZS,Uganda,UGA,24.7079080063953
"Agriculture, value added (% of GDP)",NV.AGR.TOTL.ZS,Tanzania,TZA,30.4973774231384
"Agriculture, value added (% of GDP)",NV.AGR.TOTL.ZS,Haiti,HTI,..
"Agriculture, value added (% of GDP)",NV.AGR.TOTL.ZS,Togo,TGO,41.0047440049438
"Agriculture, value added (% of GDP)",NV.AGR.TOTL.ZS,Senegal,SEN,16.2413541026487
"Agriculture, value added (% of GDP)",NV.AGR.TOTL.ZS,"Congo, Dem. Rep.",ZAR,20.6261580048863
"Agriculture, value added (% of GDP)",NV.AGR.TOTL.ZS,Madagascar,MDG,24.0947217483747
"Agriculture, value added (% of GDP)",NV.AGR.TOTL.ZS,Mongolia,MNG,14.8497291534782
"Agriculture, value added (% of GDP)",NV.AGR.TOTL.ZS,Niger,NER,36.4187947295604
"Agriculture, value added (% of GDP)",NV.AGR.TOTL.ZS,Morocco,MAR,..
"Agriculture, value added (% of GDP)",NV.AGR.TOTL.ZS,Cameroon,CMR,23.9481939083771
"Agriculture, value added (% of GDP)",NV.AGR.TOTL.ZS,Burkina Faso,BFA,32.9408303746087
"Agriculture, value added (% of GDP)",NV.AGR.TOTL.ZS,Kyrgyz Republic,KGZ,15.9416995164261
"Agriculture, value added (% of GDP)",NV.AGR.TOTL.ZS,"Egypt, Arab Rep.",EGY,11.1816471975681
"Agriculture, value added (% of GDP)",NV.AGR.TOTL.ZS,Armenia,ARM,19.3520404502788
"Agriculture, value added (% of GDP)",NV.AGR.TOTL.ZS,Rwanda,RWA,32.6880246702073
CO2 emissions (metric tons per capita),EN.ATM.CO2E.PC,India,IND,..
CO2 emissions (metric tons per capita),EN.ATM.CO2E.PC,Bangladesh,BGD,..
CO2 emissions (metric tons per capita),EN.ATM.CO2E.PC,Pakistan,PAK,..
CO2 emissions (metric tons per capita),EN.ATM.CO2E.PC,Mexico,MEX,..
CO2 emissions (metric tons per capita),EN.ATM.CO2E.PC,Vietnam,VNM,..
CO2 emissions (metric tons per capita),EN.ATM.CO2E.PC,Peru,PER,..
CO2 emissions (metric tons per capita),EN.ATM.CO2E.PC,Colombia,COL,..
CO2 emissions (metric tons per capita),EN.ATM.CO2E.PC,Philippines,PHL,..
CO2 emissions (metric tons per capita),EN.ATM.CO2E.PC,Nepal,NPL,..
CO2 emissions (metric tons per capita),EN.ATM.CO2E.PC,Brazil,BRA,..
CO2 emissions (metric tons per capita),EN.ATM.CO2E.PC,Cambodia,KHM,..
CO2 emissions (metric tons per capita),EN.ATM.CO2E.PC,Ecuador,ECU,..
CO2 emissions (metric tons per capita),EN.ATM.CO2E.PC,Bolivia,BOL,..
CO2 emissions (metric tons per capita),EN.ATM.CO2E.PC,Ethiopia,ETH,..
CO2 emissions (metric tons per capita),EN.ATM.CO2E.PC,Paraguay,PRY,..
CO2 emissions (metric tons per capita),EN.ATM.CO2E.PC,Nigeria,NGA,..
CO2 emissions (metric tons per capita),EN.ATM.CO2E.PC,Indonesia,IDN,..
CO2 emissions (metric tons per capita),EN.ATM.CO2E.PC,Sri Lanka,LKA,..
CO2 emissions (metric tons per capita),EN.ATM.CO2E.PC,Afghanistan,AFG,..
CO2 emissions (metric tons per capita),EN.ATM.CO2E.PC,Myanmar,MMR,..
CO2 emissions (metric tons per capita),EN.ATM.CO2E.PC,Dominican Republic,DOM,..
CO2 emissions (metric tons per capita),EN.ATM.CO2E.PC,China,CHN,..
CO2 emissions (metric tons per capita),EN.ATM.CO2E.PC,Bhutan,BTN,..
CO2 emissions (metric tons per capita),EN.ATM.CO2E.PC,Guatemala,GTM,..
CO2 emissions (metric tons per capita),EN.ATM.CO2E.PC,Nicaragua,NIC,..
CO2 emissions (metric tons per capita),EN.ATM.CO2E.PC,Chile,CHL,..
CO2 emissions (metric tons per capita),EN.ATM.CO2E.PC,Kenya,KEN,..
CO2 emissions (metric tons per capita),EN.ATM.CO2E.PC,Honduras,HND,..
CO2 emissions (metric tons per capita),EN.ATM.CO2E.PC,Benin,BEN,..
CO2 emissions (metric tons per capita),EN.ATM.CO2E.PC,Azerbaijan,AZE,..
CO2 emissions (metric tons per capita),EN.ATM.CO2E.PC,Ghana,GHA,..
CO2 emissions (metric tons per capita),EN.ATM.CO2E.PC,El Salvador,SLV,..
CO2 emissions (metric tons per capita),EN.ATM.CO2E.PC,Uganda,UGA,..
CO2 emissions (metric tons per capita),EN.ATM.CO2E.PC,Tanzania,TZA,..
CO2 emissions (metric tons per capita),EN.ATM.CO2E.PC,Haiti,HTI,..
CO2 emissions (metric tons per capita),EN.ATM.CO2E.PC,Togo,TGO,..
CO2 emissions (metric tons per capita),EN.ATM.CO2E.PC,Senegal,SEN,..
CO2 emissions (metric tons per capita),EN.ATM.CO2E.PC,"Congo, Dem. Rep.",ZAR,..
CO2 emissions (metric tons per capita),EN.ATM.CO2E.PC,Madagascar,MDG,..
CO2 emissions (metric tons per capita),EN.ATM.CO2E.PC,Mongolia,MNG,..
CO2 emissions (metric tons per capita),EN.ATM.CO2E.PC,Niger,NER,..
CO2 emissions (metric tons per capita),EN.ATM.CO2E.PC,Morocco,MAR,..
CO2 emissions (metric tons per capita),EN.ATM.CO2E.PC,Cameroon,CMR,..
CO2 emissions (metric tons per capita),EN.ATM.CO2E.PC,Burkina Faso,BFA,..
CO2 emissions (metric tons per capita),EN.ATM.CO2E.PC,Kyrgyz Republic,KGZ,..
CO2 emissions (metric tons per capita),EN.ATM.CO2E.PC,"Egypt, Arab Rep.",EGY,..
CO2 emissions (metric tons per capita),EN.ATM.CO2E.PC,Armenia,ARM,..
CO2 emissions (metric tons per capita),EN.ATM.CO2E.PC,Rwanda,RWA,..
"Central government debt, total (% of GDP)",GC.DOD.TOTL.GD.ZS,India,IND,..
"Central government debt, total (% of GDP)",GC.DOD.TOTL.GD.ZS,Bangladesh,BGD,..
"Central government debt, total (% of GDP)",GC.DOD.TOTL.GD.ZS,Pakistan,PAK,..
"Central government debt, total (% of GDP)",GC.DOD.TOTL.GD.ZS,Mexico,MEX,..
"Central government debt, total (% of GDP)",GC.DOD.TOTL.GD.ZS,Vietnam,VNM,..
"Central government debt, total (% of GDP)",GC.DOD.TOTL.GD.ZS,Peru,PER,..
"Central government debt, total (% of GDP)",GC.DOD.TOTL.GD.ZS,Colombia,COL,..
"Central government debt, total (% of GDP)",GC.DOD.TOTL.GD.ZS,Philippines,PHL,..
"Central government debt, total (% of GDP)",GC.DOD.TOTL.GD.ZS,Nepal,NPL,..
"Central government debt, total (% of GDP)",GC.DOD.TOTL.GD.ZS,Brazil,BRA,..
"Central government debt, total (% of GDP)",GC.DOD.TOTL.GD.ZS,Cambodia,KHM,..
"Central government debt, total (% of GDP)",GC.DOD.TOTL.GD.ZS,Ecuador,ECU,..
"Central government debt, total (% of GDP)",GC.DOD.TOTL.GD.ZS,Bolivia,BOL,..
"Central government debt, total (% of GDP)",GC.DOD.TOTL.GD.ZS,Ethiopia,ETH,..
"Central government debt, total (% of GDP)",GC.DOD.TOTL.GD.ZS,Paraguay,PRY,..
"Central government debt, total (% of GDP)",GC.DOD.TOTL.GD.ZS,Nigeria,NGA,..
"Central government debt, total (% of GDP)",GC.DOD.TOTL.GD.ZS,Indonesia,IDN,..
"Central government debt, total (% of GDP)",GC.DOD.TOTL.GD.ZS,Sri Lanka,LKA,..
"Central government debt, total (% of GDP)",GC.DOD.TOTL.GD.ZS,Afghanistan,AFG,..
"Central government debt, total (% of GDP)",GC.DOD.TOTL.GD.ZS,Myanmar,MMR,..
"Central government debt, total (% of GDP)",GC.DOD.TOTL.GD.ZS,Dominican Republic,DOM,..
"Central government debt, total (% of GDP)",GC.DOD.TOTL.GD.ZS,China,CHN,..
"Central government debt, total (% of GDP)",GC.DOD.TOTL.GD.ZS,Bhutan,BTN,..
"Central government debt, total (% of GDP)",GC.DOD.TOTL.GD.ZS,Guatemala,GTM,..
"Central government debt, total (% of GDP)",GC.DOD.TOTL.GD.ZS,Nicaragua,NIC,..
"Central government debt, total (% of GDP)",GC.DOD.TOTL.GD.ZS,Chile,CHL,..
"Central government debt, total (% of GDP)",GC.DOD.TOTL.GD.ZS,Kenya,KEN,..
"Central government debt, total (% of GDP)",GC.DOD.TOTL.GD.ZS,Honduras,HND,..
"Central government debt, total (% of GDP)",GC.DOD.TOTL.GD.ZS,Benin,BEN,..
"Central government debt, total (% of GDP)",GC.DOD.TOTL.GD.ZS,Azerbaijan,AZE,..
"Central government debt, total (% of GDP)",GC.DOD.TOTL.GD.ZS,Ghana,GHA,..
"Central government debt, total (% of GDP)",GC.DOD.TOTL.GD.ZS,El Salvador,SLV,..
"Central government debt, total (% of GDP)",GC.DOD.TOTL.GD.ZS,Uganda,UGA,..
"Central government debt, total (% of GDP)",GC.DOD.TOTL.GD.ZS,Tanzania,TZA,..
"Central government debt, total (% of GDP)",GC.DOD.TOTL.GD.ZS,Haiti,HTI,..
"Central government debt, total (% of GDP)",GC.DOD.TOTL.GD.ZS,Togo,TGO,..
"Central government debt, total (% of GDP)",GC.DOD.TOTL.GD.ZS,Senegal,SEN,..
"Central government debt, total (% of GDP)",GC.DOD.TOTL.GD.ZS,"Congo, Dem. Rep.",ZAR,..
"Central government debt, total (% of GDP)",GC.DOD.TOTL.GD.ZS,Madagascar,MDG,..
"Central government debt, total (% of GDP)",GC.DOD.TOTL.GD.ZS,Mongolia,MNG,..
"Central government debt, total (% of GDP)",GC.DOD.TOTL.GD.ZS,Niger,NER,..
"Central government debt, total (% of GDP)",GC.DOD.TOTL.GD.ZS,Morocco,MAR,..
"Central government debt, total (% of GDP)",GC.DOD.TOTL.GD.ZS,Cameroon,CMR,..
"Central government debt, total (% of GDP)",GC.DOD.TOTL.GD.ZS,Burkina Faso,BFA,..
"Central government debt, total (% of GDP)",GC.DOD.TOTL.GD.ZS,Kyrgyz Republic,KGZ,..
"Central government debt, total (% of GDP)",GC.DOD.TOTL.GD.ZS,"Egypt, Arab Rep.",EGY,..
"Central government debt, total (% of GDP)",GC.DOD.TOTL.GD.ZS,Armenia,ARM,..
"Central government debt, total (% of GDP)",GC.DOD.TOTL.GD.ZS,Rwanda,RWA,..
"Population, total",SP.POP.TOTL,India,IND,1311050527
"Population, total",SP.POP.TOTL,Bangladesh,BGD,160995642
"Population, total",SP.POP.TOTL,Pakistan,PAK,188924874
"Population, total",SP.POP.TOTL,Mexico,MEX,127017224
"Population, total",SP.POP.TOTL,Vietnam,VNM,91703800
"Population, total",SP.POP.TOTL,Peru,PER,31376670
"Population, total",SP.POP.TOTL,Colombia,COL,48228704
"Population, total",SP.POP.TOTL,Philippines,PHL,100699395
"Population, total",SP.POP.TOTL,Nepal,NPL,28513700
"Population, total",SP.POP.TOTL,Brazil,BRA,207847528
"Population, total",SP.POP.TOTL,Cambodia,KHM,15577899
"Population, total",SP.POP.TOTL,Ecuador,ECU,16144363
"Population, total",SP.POP.TOTL,Bolivia,BOL,10724705
"Population, total",SP.POP.TOTL,Ethiopia,ETH,99390750
"Population, total",SP.POP.TOTL,Paraguay,PRY,6639123
"Population, total",SP.POP.TOTL,Nigeria,NGA,182201962
"Population, total",SP.POP.TOTL,Indonesia,IDN,257563815
"Population, total",SP.POP.TOTL,Sri Lanka,LKA,20966000
"Population, total",SP.POP.TOTL,Afghanistan,AFG,32526562
"Population, total",SP.POP.TOTL,Myanmar,MMR,53897154
"Population, total",SP.POP.TOTL,Dominican Republic,DOM,10528391
"Population, total",SP.POP.TOTL,China,CHN,1371220000
"Population, total",SP.POP.TOTL,Bhutan,BTN,774830
"Population, total",SP.POP.TOTL,Guatemala,GTM,16342897
"Population, total",SP.POP.TOTL,Nicaragua,NIC,6082032
"Population, total",SP.POP.TOTL,Chile,CHL,17948141
"Population, total",SP.POP.TOTL,Kenya,KEN,46050302
"Population, total",SP.POP.TOTL,Honduras,HND,8075060
"Population, total",SP.POP.TOTL,Benin,BEN,10879829
"Population, total",SP.POP.TOTL,Azerbaijan,AZE,9651349
"Population, total",SP.POP.TOTL,Ghana,GHA,27409893
"Population, total",SP.POP.TOTL,El Salvador,SLV,6126583
"Population, total",SP.POP.TOTL,Uganda,UGA,39032383
"Population, total",SP.POP.TOTL,Tanzania,TZA,53470420
"Population, total",SP.POP.TOTL,Haiti,HTI,10711067
"Population, total",SP.POP.TOTL,Togo,TGO,7304578
"Population, total",SP.POP.TOTL,Senegal,SEN,15129273
"Population, total",SP.POP.TOTL,"Congo, Dem. Rep.",ZAR,77266814
"Population, total",SP.POP.TOTL,Madagascar,MDG,24235390
"Population, total",SP.POP.TOTL,Mongolia,MNG,2959134
"Population, total",SP.POP.TOTL,Niger,NER,19899120
"Population, total",SP.POP.TOTL,Morocco,MAR,34377511
"Population, total",SP.POP.TOTL,Cameroon,CMR,23344179
"Population, total",SP.POP.TOTL,Burkina Faso,BFA,18105570
"Population, total",SP.POP.TOTL,Kyrgyz Republic,KGZ,5957000
"Population, total",SP.POP.TOTL,"Egypt, Arab Rep.",EGY,91508084
"Population, total",SP.POP.TOTL,Armenia,ARM,3017712
"Population, total",SP.POP.TOTL,Rwanda,RWA,11609666
,,,,
,,,,
,,,,
Data from database: World Development Indicators,,,,
Last Updated: 10/14/2016,,,,
